overview_date,asset_value,dtd_ativo_fin,dtd_ativo_pct,portfolio_id,book_name,instrument_name,exposure_value,asset_value_ontem,exposure_value_ontem
2023-06-27,300070617.31460273,70617.31460273266,0.00023539104867587035,1295,Risco >> Renda Fixa,BETA CURVA,300070617.31460273,300000000.0,300000000.0
2023-06-28,300141254.3694241,70637.05482137203,0.00023540143801326074,1295,Risco >> Renda Fixa,BETA CURVA,300141254.3694241,300070617.31460273,300070617.31460273
2023-06-29,300211911.1712542,70656.80183011293,0.0002354118296019614,1295,Risco >> Renda Fixa,BETA CURVA,300211911.1712542,300141254.3694241,300141254.3694241
2023-06-30,300282587.72688574,70676.55563151836,0.00023542222344130614,1295,Risco >> Renda Fixa,BETA CURVA,300282587.72688574,300211911.1712542,300211911.1712542
2023-07-03,500377105.6238854,94517.89699965715,0.00031476316264344995,1295,Risco >> Renda Fixa,BETA CURVA,500377105.6238854,300282587.72688574,300282587.72688574
2023-07-04,500576874.31659245,199768.69270706177,0.0003992362769236202,1295,Risco >> Renda Fixa,BETA CURVA,500576874.31659245,500377105.6238854,500377105.6238854
2023-07-05,500735452.82927805,158578.51268559694,0.000316791527579241,1295,Risco >> Renda Fixa,BETA CURVA,500735452.82927805,500576874.31659245,500576874.31659245
2023-07-06,500893137.3099688,157684.4806907773,0.00031490576471027154,1295,Risco >> Renda Fixa,BETA CURVA,500893137.3099688,500735452.82927805,500735452.82927805
2023-07-07,501050876.38190126,157739.07193243504,0.00031491561808882906,1295,Risco >> Renda Fixa,BETA CURVA,501050876.38190126,500893137.3099688,500893137.3099688
2023-07-10,501208670.0659303,157793.68402904272,0.0003149254725756112,1295,Risco >> Renda Fixa,BETA CURVA,501208670.0659303,501050876.38190126,501050876.38190126
2023-07-11,501366518.38292,157848.31698971987,0.0003149353281717282,1295,Risco >> Renda Fixa,BETA CURVA,501366518.38292,501208670.0659303,501208670.0659303
2023-07-12,501524421.35374296,157902.97082293034,0.00031494518487629186,1295,Risco >> Renda Fixa,BETA CURVA,501524421.35374296,501366518.38292,501366518.38292
2023-07-13,501682378.99928063,157957.64553767443,0.00031495504269019037,1295,Risco >> Renda Fixa,BETA CURVA,501682378.99928063,501524421.35374296,501524421.35374296
2023-07-14,501840391.340423,158012.3411423564,0.0003149649016127576,1295,Risco >> Renda Fixa,BETA CURVA,501840391.340423,501682378.99928063,501682378.99928063
2023-07-17,501998458.39806914,158067.05764615536,0.00031497476164465965,1295,Risco >> Renda Fixa,BETA CURVA,501998458.39806914,501840391.340423,501840391.340423
2023-07-18,502156580.1931266,158121.79505747557,0.0003149846227856745,1295,Risco >> Renda Fixa,BETA CURVA,502156580.1931266,501998458.39806914,501998458.39806914
2023-07-19,502314756.7465117,158176.5533850789,0.0003149944850353581,1295,Risco >> Renda Fixa,BETA CURVA,502314756.7465117,502156580.1931266,502156580.1931266
2023-07-20,502472988.07914984,158231.3326381445,0.00031500434839504265,1295,Risco >> Renda Fixa,BETA CURVA,502472988.07914984,502314756.7465117,502314756.7465117
2023-07-21,502631274.2119748,158286.13282495737,0.00031501421286361797,1295,Risco >> Renda Fixa,BETA CURVA,502631274.2119748,502472988.07914984,502472988.07914984
2023-07-24,502789615.1659296,158340.95395481586,0.00031502407844219427,1295,Risco >> Renda Fixa,BETA CURVA,502789615.1659296,502631274.2119748,502631274.2119748
2023-07-25,502948010.9619653,158395.796035707,0.00031503394512921723,1295,Risco >> Renda Fixa,BETA CURVA,502948010.9619653,502789615.1659296,502789615.1659296
2023-07-26,503106461.6210427,158450.65907740593,0.0003150438129269073,1295,Risco >> Renda Fixa,BETA CURVA,503106461.6210427,502948010.9619653,502948010.9619653
2023-07-27,503264967.1641306,158505.54308789968,0.00031505368183348814,1295,Risco >> Renda Fixa,BETA CURVA,503264967.1641306,503106461.6210427,503106461.6210427
2023-07-28,503423527.612207,158560.44807636738,0.0003150635518498479,1295,Risco >> Renda Fixa,BETA CURVA,503423527.612207,503264967.1641306,503264967.1641306
2023-07-31,503582142.9862584,158615.37405139208,0.0003150734229759866,1295,Risco >> Renda Fixa,BETA CURVA,503582142.9862584,503423527.612207,503423527.612207
2023-08-01,503749248.3382429,167105.35198450089,0.0003318333549191532,1295,Risco >> Renda Fixa,BETA CURVA,503749248.3382429,503582142.9862584,503582142.9862584
2023-08-02,503916128.885704,166880.54746109247,0.000331277015323872,1295,Risco >> Renda Fixa,BETA CURVA,503916128.885704,503749248.3382429,503749248.3382429
2023-08-03,504083065.4558115,166936.57010751963,0.00033127848175174,1295,Risco >> Renda Fixa,BETA CURVA,504083065.4558115,503916128.885704,503916128.885704
2023-08-04,504250058.0676725,166992.61186099052,0.00033127994829573737,1295,Risco >> Renda Fixa,BETA CURVA,504250058.0676725,504083065.4558115,504083065.4558115
2023-08-07,504417106.7404005,167048.67272800207,0.00033128141495541996,1295,Risco >> Renda Fixa,BETA CURVA,504417106.7404005,504250058.0676725,504250058.0676725
2023-08-08,504584211.4931162,167104.75271570683,0.00033128288173167597,1295,Risco >> Renda Fixa,BETA CURVA,504584211.4931162,504417106.7404005,504417106.7404005
2023-08-09,504751372.3449459,167160.85182970762,0.000331284348622507,1295,Risco >> Renda Fixa,BETA CURVA,504751372.3449459,504584211.4931162,504584211.4931162
2023-08-10,504918589.3150238,167216.97007787228,0.00033128581563035553,1295,Risco >> Renda Fixa,BETA CURVA,504918589.3150238,504751372.3449459,504751372.3449459
2023-08-11,505085862.42248994,167273.10746616125,0.00033128728275411135,1295,Risco >> Renda Fixa,BETA CURVA,505085862.42248994,504918589.3150238,504918589.3150238
2023-08-14,505253191.6864914,167329.26400142908,0.00033128874999377445,1295,Risco >> Renda Fixa,BETA CURVA,505253191.6864914,505085862.42248994,505085862.42248994
2023-08-15,505420577.1261815,167385.43969011307,0.0003312902173491228,1295,Risco >> Renda Fixa,BETA CURVA,505420577.1261815,505253191.6864914,505253191.6864914
2023-08-16,505589673.5205287,169096.39434719086,0.00033456571022227877,1295,Risco >> Renda Fixa,BETA CURVA,505589673.5205287,505420577.1261815,505420577.1261815
2023-08-17,505758827.46461076,169153.94408208132,0.0003345676404034048,1295,Risco >> Renda Fixa,BETA CURVA,505758827.46461076,505589673.5205287,505589673.5205287
2023-08-18,506887389.14529353,1128561.6806827784,0.0022314226057909003,1295,Risco >> Renda Fixa,BETA CURVA,506887389.14529353,505758827.46461076,505758827.46461076
2023-08-21,507045494.87526965,158105.7299761176,0.0003119149013406375,1295,Risco >> Renda Fixa,BETA CURVA,507045494.87526965,506887389.14529353,506887389.14529353
2023-08-22,507203650.8196068,158155.9443371296,0.0003119166740177537,1295,Risco >> Renda Fixa,BETA CURVA,507203650.8196068,507045494.87526965,507045494.87526965
2023-08-23,507361856.99467075,158206.1750639677,0.0003119184469755343,1295,Risco >> Renda Fixa,BETA CURVA,507361856.99467075,507203650.8196068,507203650.8196068
2023-08-24,507520113.4168332,158256.4221624732,0.00031192022021508947,1295,Risco >> Renda Fixa,BETA CURVA,507520113.4168332,507361856.99467075,507361856.99467075
2023-08-25,507678420.10247123,158306.6856380105,0.00031192199373575313,1295,Risco >> Renda Fixa,BETA CURVA,507678420.10247123,507520113.4168332,507520113.4168332
2023-08-28,507836777.0679675,158356.96549624205,0.0003119237675381914,1295,Risco >> Renda Fixa,BETA CURVA,507836777.0679675,507678420.10247123,507678420.10247123
2023-08-29,507995184.32970995,158407.26174247265,0.0003119255416219602,1295,Risco >> Renda Fixa,BETA CURVA,507995184.32970995,507836777.0679675,507836777.0679675
2023-08-30,508153641.90409255,158457.57438260317,0.0003119273159877256,1295,Risco >> Renda Fixa,BETA CURVA,508153641.90409255,507995184.32970995,507995184.32970995
2023-08-31,508312149.8075145,158507.90342193842,0.00031192909063482155,1295,Risco >> Renda Fixa,BETA CURVA,508312149.8075145,508153641.90409255,508153641.90409255
2023-09-01,508477597.48819864,165447.68068414927,0.0003254844109998878,1295,Risco >> Renda Fixa,BETA CURVA,508477597.48819864,508312149.8075145,508312149.8075145
2023-09-04,508643099.78305775,165502.2948591113,0.0003254859126078369,1295,Risco >> Renda Fixa,BETA CURVA,508643099.78305775,508477597.48819864,508477597.48819864
2023-09-05,508808656.71048135,165556.92742359638,0.000325487414444936,1295,Risco >> Renda Fixa,BETA CURVA,508808656.71048135,508643099.78305775,508643099.78305775
2023-09-06,508974268.2888657,165611.5783843398,0.0003254889165114072,1295,Risco >> Renda Fixa,BETA CURVA,508974268.2888657,508808656.71048135,508808656.71048135
2023-09-08,509139934.5366132,165666.24774754047,0.00032549041880747254,1295,Risco >> Renda Fixa,BETA CURVA,509139934.5366132,508974268.2888657,508974268.2888657
2023-09-11,509305655.4721329,165720.93551969528,0.000325491921333132,1295,Risco >> Renda Fixa,BETA CURVA,509305655.4721329,509139934.5366132,509139934.5366132
2023-09-12,509471431.1138401,165775.64170718193,0.00032549342408838555,1295,Risco >> Renda Fixa,BETA CURVA,509471431.1138401,509305655.4721329,509305655.4721329
2023-09-13,509637261.4801562,165830.3663160801,0.00032549492707278915,1295,Risco >> Renda Fixa,BETA CURVA,509637261.4801562,509471431.1138401,509471431.1138401
2023-09-14,509803146.58950937,165885.1093531847,0.00032549643028723096,1295,Risco >> Renda Fixa,BETA CURVA,509803146.58950937,509637261.4801562,509637261.4801562
2023-09-15,509969086.4603339,165939.87082451582,0.00032549793373104485,1295,Risco >> Renda Fixa,BETA CURVA,509969086.4603339,509803146.58950937,509803146.58950937
2023-09-18,510135081.11107063,165994.65073674917,0.00032549943740489695,1295,Risco >> Renda Fixa,BETA CURVA,510135081.11107063,509969086.4603339,509969086.4603339
2023-09-19,510301130.5601666,166049.44909596443,0.00032550094130812113,1295,Risco >> Renda Fixa,BETA CURVA,510301130.5601666,510135081.11107063,510135081.11107063
2023-09-20,510466775.48893774,165644.9287711382,0.0003246023158705036,1295,Risco >> Renda Fixa,BETA CURVA,510466775.48893774,510301130.5601666,510301130.5601666
2023-09-21,510632474.8105631,165699.3216253519,0.00032460353852936663,1295,Risco >> Renda Fixa,BETA CURVA,510632474.8105631,510466775.48893774,510466775.48893774
2023-09-22,510798228.54318947,165753.73262637854,0.0003246047613556513,1295,Risco >> Renda Fixa,BETA CURVA,510798228.54318947,510632474.8105631,510632474.8105631
2023-09-25,510964036.7049695,165808.16178005934,0.00032460598434913557,1295,Risco >> Renda Fixa,BETA CURVA,510964036.7049695,510798228.54318947,510798228.54318947
2023-09-26,511129899.3140625,165862.60909295082,0.0003246072075102635,1295,Risco >> Renda Fixa,BETA CURVA,511129899.3140625,510964036.7049695,510964036.7049695
2023-09-27,509373278.0811334,-1756621.232929051,-0.0034367412966574973,1295,Risco >> Renda Fixa,BETA CURVA,509373278.0811334,511129899.3140625,511129899.3140625
2023-09-28,510642777.0422901,1269498.9611566663,0.0024922763242292145,1295,Risco >> Renda Fixa,BETA CURVA,510642777.0422901,509373278.0811334,509373278.0811334
2023-09-29,711041043.0803612,398266.03807115555,0.0007799308165641339,1295,Risco >> Renda Fixa,BETA CURVA,711041043.0803612,510642777.0422901,510642777.0422901
2023-10-02,711385017.6620169,343974.5816556215,0.0004837619220481315,1295,Risco >> Renda Fixa,BETA CURVA,711385017.6620169,711041043.0803612,711041043.0803612
2023-10-03,711612121.0004013,227103.33838438988,0.00031924110396763794,1295,Risco >> Renda Fixa,BETA CURVA,711612121.0004013,711385017.6620169,711385017.6620169
2023-10-04,711839297.5682949,227176.5678936243,0.0003192421281053015,1295,Risco >> Renda Fixa,BETA CURVA,711839297.5682949,711612121.0004013,711612121.0004013
2023-10-05,712066547.389638,227249.8213430643,0.0003192431523790784,1295,Risco >> Renda Fixa,BETA CURVA,712066547.389638,711839297.5682949,711839297.5682949
2023-10-06,712293870.4883785,227323.0987405777,0.0003192441767891907,1295,Risco >> Renda Fixa,BETA CURVA,712293870.4883785,712066547.389638,712066547.389638
2023-10-09,712521266.8884727,227396.4000941515,0.0003192452013356384,1295,Risco >> Renda Fixa,BETA CURVA,712521266.8884727,712293870.4883785,712293870.4883785
2023-10-10,712748736.6138843,227469.72541165352,0.00031924622601797736,1295,Risco >> Renda Fixa,BETA CURVA,712748736.6138843,712521266.8884727,712521266.8884727
2023-10-11,712976279.6885854,227543.0747010708,0.0003192472508364297,1295,Risco >> Renda Fixa,BETA CURVA,712976279.6885854,712748736.6138843,712748736.6138843
2023-10-13,713203896.1365563,227616.44797086716,0.0003192482757916615,1295,Risco >> Renda Fixa,BETA CURVA,713203896.1365563,712976279.6885854,712976279.6885854
2023-10-16,713431585.9817843,227689.84522807598,0.00031924930088211845,1295,Risco >> Renda Fixa,BETA CURVA,713431585.9817843,713203896.1365563,713203896.1365563
2023-10-17,713659349.2482659,227763.26648151875,0.00031925032610957693,1295,Risco >> Renda Fixa,BETA CURVA,713659349.2482659,713431585.9817843,713431585.9817843
2023-10-18,713887185.9600048,227836.71173894405,0.00031925135147314876,1295,Risco >> Renda Fixa,BETA CURVA,713887185.9600048,713659349.2482659,713659349.2482659
2023-10-19,714115096.1410131,227910.18100833893,0.000319252376973056,1295,Risco >> Renda Fixa,BETA CURVA,714115096.1410131,713887185.9600048,713887185.9600048
2023-10-20,714343079.8153107,227983.67429757118,0.00031925340260907653,1295,Risco >> Renda Fixa,BETA CURVA,714343079.8153107,714115096.1410131,714115096.1410131
2023-10-23,714571137.0069256,228057.19161486626,0.0003192544283816545,1295,Risco >> Renda Fixa,BETA CURVA,714571137.0069256,714343079.8153107,714343079.8153107
2023-10-24,714799267.7398936,228130.73296797276,0.00031925545429034585,1295,Risco >> Renda Fixa,BETA CURVA,714799267.7398936,714571137.0069256,714571137.0069256
2023-10-25,715027472.0382587,228204.29836511612,0.0003192564803355946,1295,Risco >> Renda Fixa,BETA CURVA,715027472.0382587,714799267.7398936,714799267.7398936
2023-10-26,715255749.9260728,228277.88781416416,0.00031925750651717877,1295,Risco >> Renda Fixa,BETA CURVA,715255749.9260728,715027472.0382587,715027472.0382587
2023-10-27,715484101.4273959,228351.5013231039,0.00031925853283487626,1295,Risco >> Renda Fixa,BETA CURVA,715484101.4273959,715255749.9260728,715255749.9260728
2023-10-30,715712526.566296,228425.13890004158,0.0003192595592891312,1295,Risco >> Renda Fixa,BETA CURVA,715712526.566296,715484101.4273959,715484101.4273959
2023-10-31,715941025.3668491,228498.80055308342,0.0003192605858797215,1295,Risco >> Renda Fixa,BETA CURVA,715941025.3668491,715712526.566296,715712526.566296
2023-11-01,716181653.8200865,240628.45323741436,0.00033610094227265463,1295,Risco >> Renda Fixa,BETA CURVA,716181653.8200865,715941025.3668491,715941025.3668491
2023-11-03,716422363.6437173,240709.82363080978,0.000336101633359176,1295,Risco >> Renda Fixa,BETA CURVA,716422363.6437173,716181653.8200865,716181653.8200865
2023-11-06,716663154.8654747,240791.22175741196,0.00033610232451808386,1295,Risco >> Renda Fixa,BETA CURVA,716663154.8654747,716422363.6437173,716422363.6437173
2023-11-07,716904027.5131003,240872.64762556553,0.000336103015747824,1295,Risco >> Renda Fixa,BETA CURVA,716904027.5131003,716663154.8654747,716663154.8654747
2023-11-08,717144981.6143458,240954.1012455225,0.00033610370704906245,1295,Risco >> Renda Fixa,BETA CURVA,717144981.6143458,716904027.5131003,716904027.5131003
2023-11-09,717386017.1969724,241035.5826265812,0.00033610439842157724,1295,Risco >> Renda Fixa,BETA CURVA,717386017.1969724,717144981.6143458,717144981.6143458
2023-11-10,717579398.0031579,193380.80618548393,0.00026956311044523673,1295,Risco >> Renda Fixa,BETA CURVA,717579398.0031579,717386017.1969724,717386017.1969724
2023-11-13,717877672.1207912,298274.11763334274,0.00041566705853512964,1295,Risco >> Renda Fixa,BETA CURVA,717877672.1207912,717579398.0031579,717579398.0031579
2023-11-14,718215112.0265803,337439.9057891369,0.000470052097862661,1295,Risco >> Renda Fixa,BETA CURVA,718215112.0265803,717877672.1207912,717877672.1207912
2023-11-16,718677100.2472434,461988.2206630707,0.0006432449177509181,1295,Risco >> Renda Fixa,BETA CURVA,718677100.2472434,718215112.0265803,718215112.0265803
2023-11-17,719049214.9095069,372114.6622635126,0.0005177772634405997,1295,Risco >> Renda Fixa,BETA CURVA,719049214.9095069,718677100.2472434,718677100.2472434
2023-11-20,719334319.7401072,285104.8306002617,0.0003965025267931299,1295,Risco >> Renda Fixa,BETA CURVA,719334319.7401072,719049214.9095069,719049214.9095069
2023-11-21,719573228.9657891,238909.22568190098,0.00033212543754101986,1295,Risco >> Renda Fixa,BETA CURVA,719573228.9657891,719334319.7401072,719334319.7401072
2023-11-22,720125391.9133065,552162.947517395,0.0007673478185270532,1295,Risco >> Renda Fixa,BETA CURVA,720125391.9133065,719573228.9657891,719573228.9657891
2023-11-23,720406548.7094228,281156.7961163521,0.00039042755508078564,1295,Risco >> Renda Fixa,BETA CURVA,720406548.7094228,720125391.9133065,720125391.9133065
2023-11-24,720635922.5809103,229373.87148749828,0.0003183950394376467,1295,Risco >> Renda Fixa,BETA CURVA,720635922.5809103,720406548.7094228,720406548.7094228
2023-11-27,720771350.45455,135427.8736397028,0.0001879282858321396,1295,Risco >> Renda Fixa,BETA CURVA,720771350.45455,720635922.5809103,720635922.5809103
2023-11-28,720983177.7071328,211827.25258278847,0.00029388966757526447,1295,Risco >> Renda Fixa,BETA CURVA,720983177.7071328,720771350.45455,720771350.45455
2023-11-29,721175577.165458,192399.45832514763,0.00026685707000417835,1295,Risco >> Renda Fixa,BETA CURVA,721175577.165458,720983177.7071328,720983177.7071328
2023-11-30,720357821.3563343,-817755.8091236353,-0.001133920552797818,1295,Risco >> Renda Fixa,BETA CURVA,720357821.3563343,721175577.165458,721175577.165458
2023-12-01,721503020.7868315,1145199.4304971695,0.0015897646926925635,1295,Risco >> Renda Fixa,BETA CURVA,721503020.7868315,720357821.3563343,720357821.3563343
2023-12-04,721882701.651496,379680.8646645546,0.0005262360014106626,1295,Risco >> Renda Fixa,BETA CURVA,721882701.651496,721503020.7868315,721503020.7868315
2023-12-05,722194001.3685334,311299.71703732014,0.000431233102448747,1295,Risco >> Renda Fixa,BETA CURVA,722194001.3685334,721882701.651496,721882701.651496
2023-12-06,722437945.8561802,243944.48764681816,0.00033778248944815736,1295,Risco >> Renda Fixa,BETA CURVA,722437945.8561802,722194001.3685334,722194001.3685334
2023-12-07,722813553.232704,375607.37652385235,0.0005199164560476532,1295,Risco >> Renda Fixa,BETA CURVA,722813553.232704,722437945.8561802,722437945.8561802
2023-12-08,723295706.8664045,482153.63370049,0.0006670511801336598,1295,Risco >> Renda Fixa,BETA CURVA,723295706.8664045,722813553.232704,722813553.232704
2023-12-11,723777190.275612,481483.40920746326,0.0006656798936266473,1295,Risco >> Renda Fixa,BETA CURVA,723777190.275612,723295706.8664045,723295706.8664045
2023-12-12,724128798.2286887,351607.95307672024,0.0004857958468444945,1295,Risco >> Renda Fixa,BETA CURVA,724128798.2286887,723777190.275612,723777190.275612
2023-12-13,724381218.9304495,252420.7017607689,0.0003485853654463522,1295,Risco >> Renda Fixa,BETA CURVA,724381218.9304495,724128798.2286887,724128798.2286887
2023-12-14,724736435.6806061,355216.750156641,0.0004903726668687991,1295,Risco >> Renda Fixa,BETA CURVA,724736435.6806061,724381218.9304495,724381218.9304495
2023-12-15,725011373.6974585,274938.01685237885,0.00037936276322869666,1295,Risco >> Renda Fixa,BETA CURVA,725011373.6974585,724736435.6806061,724736435.6806061
2023-12-18,725116414.1493385,105040.45187997818,0.00014488110902899365,1295,Risco >> Renda Fixa,BETA CURVA,725116414.1493385,725011373.6974585,725011373.6974585
2023-12-19,725271096.8326602,154682.6833217144,0.00021332117202610412,1295,Risco >> Renda Fixa,BETA CURVA,725271096.8326602,725116414.1493385,725116414.1493385
2023-12-20,725671196.6628854,400099.83022522926,0.0005516555560707292,1295,Risco >> Renda Fixa,BETA CURVA,725671196.6628854,725271096.8326602,725271096.8326602
2023-12-21,725999104.6976731,327908.0347876549,0.0004518686097720881,1295,Risco >> Renda Fixa,BETA CURVA,725999104.6976731,725671196.6628854,725671196.6628854
2023-12-22,726500858.7551993,501754.0575262308,0.0006911221436494142,1295,Risco >> Renda Fixa,BETA CURVA,726500858.7551993,725999104.6976731,725999104.6976731
2023-12-26,726782240.6036723,281381.84847295284,0.00038731110236400745,1295,Risco >> Renda Fixa,BETA CURVA,726782240.6036723,726500858.7551993,726500858.7551993
2023-12-27,727335006.6113311,552766.0076588392,0.0007605662009568803,1295,Risco >> Renda Fixa,BETA CURVA,727335006.6113311,726782240.6036723,726782240.6036723
2023-12-28,727704770.3964463,369763.785115242,0.0005083816697315502,1295,Risco >> Renda Fixa,BETA CURVA,727704770.3964463,727335006.6113311,727335006.6113311
2023-12-29,728031533.0773195,326762.6808731556,0.00044903193460599233,1295,Risco >> Renda Fixa,BETA CURVA,728031533.0773195,727704770.3964463,727704770.3964463
2024-01-02,728302807.1368426,271274.0595231056,0.00037261306303104647,1295,Risco >> Renda Fixa,BETA CURVA,728302807.1368426,728031533.0773195,728031533.0773195
2024-01-03,728556257.8620085,253450.72516584396,0.0003480018512660443,1295,Risco >> Renda Fixa,BETA CURVA,728556257.8620085,728302807.1368426,728302807.1368426
2024-01-04,729117853.0599945,561595.1979860067,0.0007708329891147336,1295,Risco >> Renda Fixa,BETA CURVA,729117853.0599945,728556257.8620085,728556257.8620085
2024-01-05,729232581.5249227,114728.46492826939,0.00015735242861869558,1295,Risco >> Renda Fixa,BETA CURVA,729232581.5249227,729117853.0599945,729117853.0599945
2024-01-08,729401940.100932,169358.57600927353,0.00023224219583695138,1295,Risco >> Renda Fixa,BETA CURVA,729401940.100932,729232581.5249227,729232581.5249227
2024-01-09,729812409.1821799,410469.08124792576,0.0005627474492200246,1295,Risco >> Renda Fixa,BETA CURVA,729812409.1821799,729401940.100932,729401940.100932
2024-01-10,730054404.1128405,241994.93066060543,0.00033158511367559207,1295,Risco >> Renda Fixa,BETA CURVA,730054404.1128405,729812409.1821799,729812409.1821799
2024-01-11,730175418.5371052,121014.42426466942,0.00016576083040242828,1295,Risco >> Renda Fixa,BETA CURVA,730175418.5371052,730054404.1128405,730054404.1128405
2024-01-12,730311541.2491837,136122.7120784521,0.00018642467087048864,1295,Risco >> Renda Fixa,BETA CURVA,730311541.2491837,730175418.5371052,730175418.5371052
2024-01-15,730525252.893303,213711.6441193819,0.00029263079117414215,1295,Risco >> Renda Fixa,BETA CURVA,730525252.893303,730311541.2491837,730311541.2491837
2024-01-16,731043042.7137072,517789.82040417194,0.000708791131248887,1295,Risco >> Renda Fixa,BETA CURVA,731043042.7137072,730525252.893303,730525252.893303
2024-01-17,731280952.5546579,237909.84095072746,0.000325438896275676,1295,Risco >> Renda Fixa,BETA CURVA,731280952.5546579,731043042.7137072,731043042.7137072
2024-01-18,731612361.7604349,331409.20577692986,0.00045318998754062534,1295,Risco >> Renda Fixa,BETA CURVA,731612361.7604349,731280952.5546579,731280952.5546579
2024-01-19,731823095.2253348,210733.46489989758,0.0002880397816034108,1295,Risco >> Renda Fixa,BETA CURVA,731823095.2253348,731612361.7604349,731612361.7604349
2024-01-22,732035288.9936723,212193.76833748817,0.0002899522708723623,1295,Risco >> Renda Fixa,BETA CURVA,732035288.9936723,731823095.2253348,731823095.2253348
2024-01-23,732380572.159779,345283.1661067009,0.000471675575342001,1295,Risco >> Renda Fixa,BETA CURVA,732380572.159779,732035288.9936723,732035288.9936723
2024-01-24,732636644.0180044,256071.85822546482,0.0003496431608915884,1295,Risco >> Renda Fixa,BETA CURVA,732636644.0180044,732380572.159779,732380572.159779
2024-01-25,732872084.662716,235440.64471161366,0.00032136072722277476,1295,Risco >> Renda Fixa,BETA CURVA,732872084.662716,732636644.0180044,732636644.0180044
2024-01-26,733183764.3382983,311679.6755822897,0.00042528523340568114,1295,Risco >> Renda Fixa,BETA CURVA,733183764.3382983,732872084.662716,732872084.662716
2024-01-29,733546922.6891533,363158.35085499287,0.0004953169567014637,1295,Risco >> Renda Fixa,BETA CURVA,733546922.6891533,733183764.3382983,733183764.3382983
2024-01-30,733866209.9597008,319287.2705475092,0.00043526495807122423,1295,Risco >> Renda Fixa,BETA CURVA,733866209.9597008,733546922.6891533,733546922.6891533
2024-01-31,734064052.5449575,197842.58525669575,0.00026958944637556215,1295,Risco >> Renda Fixa,BETA CURVA,734064052.5449575,733866209.9597008,733866209.9597008
2024-02-01,734261227.9577148,197175.4127572775,0.00026860791244809334,1295,Risco >> Renda Fixa,BETA CURVA,734261227.9577148,734064052.5449575,734064052.5449575
2024-02-02,734724061.5586159,462833.60090112686,0.0006303391535305014,1295,Risco >> Renda Fixa,BETA CURVA,734724061.5586159,734261227.9577148,734261227.9577148
2024-02-05,735006827.0855577,282765.5269417763,0.00038485948907385215,1295,Risco >> Renda Fixa,BETA CURVA,735006827.0855577,734724061.5586159,734724061.5586159
2024-02-06,735441906.3765174,435079.29095971584,0.0005919391152935383,1295,Risco >> Renda Fixa,BETA CURVA,735441906.3765174,735006827.0855577,735006827.0855577
2024-02-07,735510976.1695511,69069.79303371906,9.391604208963678e-05,1295,Risco >> Renda Fixa,BETA CURVA,735510976.1695511,735441906.3765174,735441906.3765174
2024-02-08,736062024.3027958,551048.1332446337,0.0007492045001347147,1295,Risco >> Renda Fixa,BETA CURVA,736062024.3027958,735510976.1695511,735510976.1695511
2024-02-09,736492156.6644675,430132.3616716862,0.0005843697235692336,1295,Risco >> Renda Fixa,BETA CURVA,736492156.6644675,736062024.3027958,736062024.3027958
2024-02-14,736985208.0928624,493051.4283949137,0.0006694591706555286,1295,Risco >> Renda Fixa,BETA CURVA,736985208.0928624,736492156.6644675,736492156.6644675
2024-02-15,737270852.0263566,285643.93349421024,0.0003875843508900356,1295,Risco >> Renda Fixa,BETA CURVA,737270852.0263566,736985208.0928624,736985208.0928624
2024-02-16,737662189.7329946,391337.70663797855,0.0005307923208444087,1295,Risco >> Renda Fixa,BETA CURVA,737662189.7329946,737270852.0263566,737270852.0263566
2024-02-19,738131094.1084191,468904.3754245043,0.0006356627490886613,1295,Risco >> Renda Fixa,BETA CURVA,738131094.1084191,737662189.7329946,737662189.7329946
2024-02-20,738830508.6388934,699414.5304743052,0.0009475478489617828,1295,Risco >> Renda Fixa,BETA CURVA,738830508.6388934,738131094.1084191,738131094.1084191
2024-02-21,739001088.1607589,170579.5218654871,0.00023087774512697834,1295,Risco >> Renda Fixa,BETA CURVA,739001088.1607589,738830508.6388934,738830508.6388934
2024-02-22,739243534.3104353,242446.14967644215,0.00032807279117785804,1295,Risco >> Renda Fixa,BETA CURVA,739243534.3104353,739001088.1607589,739001088.1607589
2024-02-23,739658624.1244215,415089.8139861822,0.0005615061812793698,1295,Risco >> Renda Fixa,BETA CURVA,739658624.1244215,739243534.3104353,739243534.3104353
2024-02-26,740285153.1392949,626529.0148733854,0.0008470515916920718,1295,Risco >> Renda Fixa,BETA CURVA,740285153.1392949,739658624.1244215,739658624.1244215
2024-02-27,740563594.341711,278441.20241618156,0.000376126957612799,1295,Risco >> Renda Fixa,BETA CURVA,740563594.341711,740285153.1392949,740285153.1392949
2024-02-28,740554652.5684052,-8941.773305892944,-1.2074281498852812e-05,1295,Risco >> Renda Fixa,BETA CURVA,740554652.5684052,740563594.341711,740563594.341711
2024-02-29,741400718.8561907,846066.2877855301,0.001142476500351819,1295,Risco >> Renda Fixa,BETA CURVA,741400718.8561907,740554652.5684052,740554652.5684052
2024-03-01,741381674.195458,-19044.660732626915,-2.568740526986968e-05,1295,Risco >> Renda Fixa,BETA CURVA,741381674.195458,741400718.8561907,741400718.8561907
2024-03-04,741063019.8580347,-318654.3374233246,-0.0004298114567899969,1295,Risco >> Renda Fixa,BETA CURVA,741063019.8580347,741381674.195458,741381674.195458
2024-03-05,741840147.7612492,777127.9032144547,0.0010486664189008899,1295,Risco >> Renda Fixa,BETA CURVA,741840147.7612492,741063019.8580347,741063019.8580347
2024-03-06,742224517.7224358,384369.9611866474,0.0005181304386754348,1295,Risco >> Renda Fixa,BETA CURVA,742224517.7224358,741840147.7612492,741840147.7612492
2024-03-07,742679496.1589334,454978.4364975691,0.0006129930036449238,1295,Risco >> Renda Fixa,BETA CURVA,742679496.1589334,742224517.7224358,742224517.7224358
2024-03-08,742395182.3880866,-284313.7708468437,-0.00038282162402136777,1295,Risco >> Renda Fixa,BETA CURVA,742395182.3880866,742679496.1589334,742679496.1589334
2024-03-11,742793457.0272452,398274.63915860653,0.0005364725534418024,1295,Risco >> Renda Fixa,BETA CURVA,742793457.0272452,742395182.3880866,742395182.3880866
2024-03-12,742739972.8937628,-53484.133482337,-7.200404496876533e-05,1295,Risco >> Renda Fixa,BETA CURVA,742739972.8937628,742793457.0272452,742793457.0272452
2024-03-13,743234710.1050007,494737.2112379074,0.0006660974624947968,1295,Risco >> Renda Fixa,BETA CURVA,743234710.1050007,742739972.8937628,742739972.8937628
2024-03-14,743518234.8283234,283524.7233226299,0.00038147400742705173,1295,Risco >> Renda Fixa,BETA CURVA,743518234.8283234,743234710.1050007,743234710.1050007
2024-03-15,743306997.7311012,-211237.09722220898,-0.00028410479706808545,1295,Risco >> Renda Fixa,BETA CURVA,743306997.7311012,743518234.8283234,743518234.8283234
2024-03-18,743455484.63071,148486.89960885048,0.00019976523840359306,1295,Risco >> Renda Fixa,BETA CURVA,743455484.63071,743306997.7311012,743306997.7311012
2024-03-19,743930816.1945299,475331.56381988525,0.0006393544383576089,1295,Risco >> Renda Fixa,BETA CURVA,743930816.1945299,743455484.63071,743455484.63071
2024-03-20,744080211.001907,149394.8073771,0.00020081814615680038,1295,Risco >> Renda Fixa,BETA CURVA,744080211.001907,743930816.1945299,743930816.1945299
2024-03-21,744300465.9262773,220254.92437028885,0.0002960096520692179,1295,Risco >> Renda Fixa,BETA CURVA,744300465.9262773,744080211.001907,744080211.001907
2024-03-22,744560433.434709,259967.50843167305,0.0003492776376381457,1295,Risco >> Renda Fixa,BETA CURVA,744560433.434709,744300465.9262773,744300465.9262773
2024-03-25,744827323.7942761,266890.3595671654,0.0003584535889664675,1295,Risco >> Renda Fixa,BETA CURVA,744827323.7942761,744560433.434709,744560433.434709
2024-03-26,744957720.3220572,130396.52778112888,0.00017506947397794015,1295,Risco >> Renda Fixa,BETA CURVA,744957720.3220572,744827323.7942761,744827323.7942761
2024-03-27,744996169.2851359,38448.96307861805,5.1612275475232394e-05,1295,Risco >> Renda Fixa,BETA CURVA,744996169.2851359,744957720.3220572,744957720.3220572
2024-03-28,745298146.1006011,301976.81546521187,0.00040534009155379636,1295,Risco >> Renda Fixa,BETA CURVA,745298146.1006011,744996169.2851359,744996169.2851359
2024-04-01,744594224.8992374,-703921.2013636827,-0.0009444826946727325,1295,Risco >> Renda Fixa,BETA CURVA,744594224.8992374,745298146.1006011,745298146.1006011
2024-04-02,745835501.6359516,1241276.736714244,0.0016670512545033933,1295,Risco >> Renda Fixa,BETA CURVA,745835501.6359516,744594224.8992374,744594224.8992374
2024-04-03,746140116.7766739,304615.1407222748,0.00040842134767538063,1295,Risco >> Renda Fixa,BETA CURVA,746140116.7766739,745835501.6359516,745835501.6359516
2024-04-04,746450138.6956732,310021.9189993143,0.00041550093880293737,1295,Risco >> Renda Fixa,BETA CURVA,746450138.6956732,746140116.7766739,746140116.7766739
2024-04-05,746546840.8824794,96702.18680620193,0.00012954942573273343,1295,Risco >> Renda Fixa,BETA CURVA,746546840.8824794,746450138.6956732,746450138.6956732
2024-04-08,746817765.7766362,270924.8941568136,0.0003629040795840588,1295,Risco >> Renda Fixa,BETA CURVA,746817765.7766362,746546840.8824794,746546840.8824794
2024-04-09,747363135.2177031,545369.4410668612,0.0007302577229126861,1295,Risco >> Renda Fixa,BETA CURVA,747363135.2177031,746817765.7766362,746817765.7766362
2024-04-10,747620135.9452542,257000.72755110264,0.0003438766450210018,1295,Risco >> Renda Fixa,BETA CURVA,747620135.9452542,747363135.2177031,747363135.2177031
2024-04-11,747767382.0988787,147246.1536245346,0.00019695316718348899,1295,Risco >> Renda Fixa,BETA CURVA,747767382.0988787,747620135.9452542,747620135.9452542
2024-04-12,748736795.2681807,969413.1693019867,0.001296410076862431,1295,Risco >> Renda Fixa,BETA CURVA,748736795.2681807,747767382.0988787,747767382.0988787
2024-04-15,748904695.7427791,167900.47459840775,0.00022424498923978575,1295,Risco >> Renda Fixa,BETA CURVA,748904695.7427791,748736795.2681807,748736795.2681807
2024-04-16,749353551.3123085,448855.5695294142,0.0005993493859512977,1295,Risco >> Renda Fixa,BETA CURVA,749353551.3123085,748904695.7427791,748904695.7427791
2024-04-17,749649917.1164175,296365.8041089773,0.00039549529536486716,1295,Risco >> Renda Fixa,BETA CURVA,749649917.1164175,749353551.3123085,749353551.3123085
2024-04-18,749880689.7947701,230772.67835259438,0.00030784059743549363,1295,Risco >> Renda Fixa,BETA CURVA,749880689.7947701,749649917.1164175,749649917.1164175
2024-04-19,750143251.2870456,262561.49227547646,0.00035013768970015846,1295,Risco >> Renda Fixa,BETA CURVA,750143251.2870456,749880689.7947701,749880689.7947701
2024-04-22,750718840.2829382,575588.9958926439,0.000767305437868071,1295,Risco >> Renda Fixa,BETA CURVA,750718840.2829382,750143251.2870456,750143251.2870456
2024-04-23,750414058.3221568,-304781.96078145504,-0.00040598682812664766,1295,Risco >> Renda Fixa,BETA CURVA,750414058.3221568,750718840.2829382,750718840.2829382
2024-04-24,751019376.6444252,605318.3222683668,0.0008066457651683123,1295,Risco >> Renda Fixa,BETA CURVA,751019376.6444252,750414058.3221568,750414058.3221568
2024-04-25,751121440.6894827,102064.04505753517,0.0001359006814358743,1295,Risco >> Renda Fixa,BETA CURVA,751121440.6894827,751019376.6444252,751019376.6444252
2024-04-26,751690236.2970837,568795.6076010466,0.0007572618444746659,1295,Risco >> Renda Fixa,BETA CURVA,751690236.2970837,751121440.6894827,751121440.6894827
2024-04-29,752050810.906997,360574.60991322994,0.00047968510498352934,1295,Risco >> Renda Fixa,BETA CURVA,752050810.906997,751690236.2970837,751690236.2970837
2024-04-30,752401022.359007,350211.4520100355,0.00046567525349483496,1295,Risco >> Renda Fixa,BETA CURVA,752401022.359007,752050810.906997,752050810.906997
2024-05-02,752420139.2852508,19116.926243782043,2.5407895092754984e-05,1295,Risco >> Renda Fixa,BETA CURVA,752420139.2852508,752401022.359007,752401022.359007
2024-05-03,753088549.4357938,668410.1505429745,0.000888346969524223,1295,Risco >> Renda Fixa,BETA CURVA,753088549.4357938,752420139.2852508,752420139.2852508
2024-05-06,753237663.4126176,149113.97682380676,0.00019800324534946512,1295,Risco >> Renda Fixa,BETA CURVA,753237663.4126176,753088549.4357938,753088549.4357938
2024-05-07,753611822.417725,374159.0051074028,0.0004967343287272108,1295,Risco >> Renda Fixa,BETA CURVA,753611822.417725,753237663.4126176,753237663.4126176
2024-05-08,753871089.0764177,259266.65869271755,0.0003440321011165537,1295,Risco >> Renda Fixa,BETA CURVA,753871089.0764177,753611822.417725,753611822.417725
2024-05-09,754127755.7008921,256666.62447440624,0.00034046487283245774,1295,Risco >> Renda Fixa,BETA CURVA,754127755.7008921,753871089.0764177,753871089.0764177
2024-05-10,754158051.2430571,30295.54216504097,4.017295734848325e-05,1295,Risco >> Renda Fixa,BETA CURVA,754158051.2430571,754127755.7008921,754127755.7008921
2024-05-13,755016715.8048431,858664.5617859364,0.0011385737517097816,1295,Risco >> Renda Fixa,BETA CURVA,755016715.8048431,754158051.2430571,754158051.2430571
2024-05-14,755174858.0882018,158142.28335869312,0.00020945534058824933,1295,Risco >> Renda Fixa,BETA CURVA,755174858.0882018,755016715.8048431,755016715.8048431
2024-05-15,755434142.995106,259284.90690422058,0.0003433441991973485,1295,Risco >> Renda Fixa,BETA CURVA,755434142.995106,755174858.0882018,755174858.0882018
2024-05-16,755833729.6275511,399586.63244509697,0.000528949659146738,1295,Risco >> Renda Fixa,BETA CURVA,755833729.6275511,755434142.995106,755434142.995106
2024-05-17,756175516.2875528,341786.66000175476,0.0004521982105378797,1295,Risco >> Renda Fixa,BETA CURVA,756175516.2875528,755833729.6275511,755833729.6275511
2024-05-20,756455661.4271493,280145.13959646225,0.00037047634254516737,1295,Risco >> Renda Fixa,BETA CURVA,756455661.4271493,756175516.2875528,756175516.2875528
2024-05-21,756812110.2483997,356448.8212504387,0.0004712091394463158,1295,Risco >> Renda Fixa,BETA CURVA,756812110.2483997,756455661.4271493,756455661.4271493
2024-05-22,757141492.4033848,329382.1549850702,0.00043522315582000815,1295,Risco >> Renda Fixa,BETA CURVA,757141492.4033848,756812110.2483997,756812110.2483997
2024-05-23,757551174.294207,409681.89082217216,0.0005410902650728744,1295,Risco >> Renda Fixa,BETA CURVA,757551174.294207,757141492.4033848,757141492.4033848
2024-05-24,757767630.6229905,216456.32878351212,0.0002857316259659015,1295,Risco >> Renda Fixa,BETA CURVA,757767630.6229905,757551174.294207,757551174.294207
2024-05-27,758103462.1918803,335831.56888985634,0.00044318542428856134,1295,Risco >> Renda Fixa,BETA CURVA,758103462.1918803,757767630.6229905,757767630.6229905
2024-05-28,758401439.9530438,297977.76116347313,0.0003930568530869927,1295,Risco >> Renda Fixa,BETA CURVA,758401439.9530438,758103462.1918803,758103462.1918803
2024-05-29,758795507.9086695,394067.95562565327,0.0005196033853127613,1295,Risco >> Renda Fixa,BETA CURVA,758795507.9086695,758401439.9530438,758401439.9530438
2024-05-31,759308189.3109678,512681.40229833126,0.0006756516043582295,1295,Risco >> Renda Fixa,BETA CURVA,759308189.3109678,758795507.9086695,758795507.9086695
2024-06-03,759003103.7165147,-305085.5944530964,-0.0004017941578240425,1295,Risco >> Renda Fixa,BETA CURVA,759003103.7165147,759308189.3109678,759308189.3109678
2024-06-04,751505985.8699996,502882.1534849405,0.000662556122659419,1295,Risco >> Renda Fixa,BETA CURVA,751505985.8699996,759003103.7165147,759003103.7165147
2024-06-05,751722484.5256442,216498.65564453602,0.00028808640212485415,1295,Risco >> Renda Fixa,BETA CURVA,751722484.5256442,751505985.8699996,751505985.8699996
2024-06-06,724008379.0388051,285894.513160944,0.0003803192255733556,1295,Risco >> Renda Fixa,BETA CURVA,724008379.0388051,751722484.5256442,751722484.5256442
2024-06-07,724284466.9947221,276087.95591700077,0.00038133254242667114,1295,Risco >> Renda Fixa,BETA CURVA,724284466.9947221,724008379.0388051,724008379.0388051
2024-06-10,724465406.63259,180939.63786792755,0.00024981847066074536,1295,Risco >> Renda Fixa,BETA CURVA,724465406.63259,724284466.9947221,724284466.9947221
2024-06-11,724771717.2218821,306310.5892920494,0.00042280913137848763,1295,Risco >> Renda Fixa,BETA CURVA,724771717.2218821,724465406.63259,724465406.63259
2024-06-12,724845482.8320764,73765.61019432545,0.0001017777162677369,1295,Risco >> Renda Fixa,BETA CURVA,724845482.8320764,724771717.2218821,724771717.2218821
2024-06-13,724945510.2826585,100027.45058202744,0.00013799830853766792,1295,Risco >> Renda Fixa,BETA CURVA,724945510.2826585,724845482.8320764,724845482.8320764
2024-06-14,725108817.3431189,163307.06046044827,0.00022526804862454952,1295,Risco >> Renda Fixa,BETA CURVA,725108817.3431189,724945510.2826585,724945510.2826585
2024-06-17,725287224.7829545,178407.4398355484,0.00024604229816049816,1295,Risco >> Renda Fixa,BETA CURVA,725287224.7829545,725108817.3431189,725108817.3431189
2024-06-18,725762803.9216678,475579.13871335983,0.0006557114512193429,1295,Risco >> Renda Fixa,BETA CURVA,725762803.9216678,725287224.7829545,725287224.7829545
2024-06-19,725941365.3787676,178561.45709979534,0.0002460328031899106,1295,Risco >> Renda Fixa,BETA CURVA,725941365.3787676,725762803.9216678,725762803.9216678
2024-06-20,726105656.6737686,164291.29500102997,0.00022631482766555244,1295,Risco >> Renda Fixa,BETA CURVA,726105656.6737686,725941365.3787676,725941365.3787676
2024-06-21,726540007.6761914,434351.0024228096,0.0005981925611384664,1295,Risco >> Renda Fixa,BETA CURVA,726540007.6761914,726105656.6737686,726105656.6737686
2024-06-24,726403174.8555628,-136832.82062864304,-0.0001883348737620194,1295,Risco >> Renda Fixa,BETA CURVA,726403174.8555628,726540007.6761914,726540007.6761914
2024-06-25,726745637.7314153,342462.87585246563,0.00047145013637983624,1295,Risco >> Renda Fixa,BETA CURVA,726745637.7314153,726403174.8555628,726403174.8555628
2024-06-26,726953065.8232874,207428.09187209606,0.00028542048428326083,1295,Risco >> Renda Fixa,BETA CURVA,726953065.8232874,726745637.7314153,726745637.7314153
2024-06-27,727213382.2007235,260316.37743616104,0.0003580924129418239,1295,Risco >> Renda Fixa,BETA CURVA,727213382.2007235,726953065.8232874,726953065.8232874
2024-06-28,727435469.9832747,222087.7825511694,0.00030539562112985585,1295,Risco >> Renda Fixa,BETA CURVA,727435469.9832747,727213382.2007235,727213382.2007235
2024-07-01,727799196.5409433,363726.5576685667,0.0005000121284668424,1295,Risco >> Renda Fixa,BETA CURVA,727799196.5409433,727435469.9832747,727435469.9832747
2024-07-02,728028282.2258325,229085.68488919735,0.0003147649598653768,1295,Risco >> Renda Fixa,BETA CURVA,728028282.2258325,727799196.5409433,727799196.5409433
2024-07-03,728059718.5709399,31436.34510743618,4.318011521653453e-05,1295,Risco >> Renda Fixa,BETA CURVA,728059718.5709399,728028282.2258325,728028282.2258325
2024-07-04,728615554.9144753,555836.3435354233,0.0007634488344259172,1295,Risco >> Renda Fixa,BETA CURVA,728615554.9144753,728059718.5709399,728059718.5709399
2024-07-05,713210662.3846633,209317.73018802144,0.0002872814459919937,1295,Risco >> Renda Fixa,BETA CURVA,713210662.3846633,728615554.9144753,728615554.9144753
2024-07-08,730001380.3029919,290717.91832852364,0.00040761858124294115,1295,Risco >> Renda Fixa,BETA CURVA,730001380.3029919,713210662.3846633,713210662.3846633
2024-07-09,730009142.8093675,7762.506375670433,1.0633550271421655e-05,1295,Risco >> Renda Fixa,BETA CURVA,730009142.8093675,730001380.3029919,730001380.3029919
2024-07-10,730226395.5528064,217252.7434388399,0.0002976027705663409,1295,Risco >> Renda Fixa,BETA CURVA,730226395.5528064,730009142.8093675,730009142.8093675
2024-07-11,730496617.5216444,270221.96883797646,0.00037005231594422483,1295,Risco >> Renda Fixa,BETA CURVA,730496617.5216444,730226395.5528064,730226395.5528064
2024-07-12,730963611.8542304,466994.33258605003,0.0006392833606410075,1295,Risco >> Renda Fixa,BETA CURVA,730963611.8542304,730496617.5216444,730496617.5216444
2024-07-15,731174636.4389288,211024.58469843864,0.00028869369319650673,1295,Risco >> Renda Fixa,BETA CURVA,731174636.4389288,730963611.8542304,730963611.8542304
2024-07-16,731632078.1641185,457441.7251896858,0.0006256258113896962,1295,Risco >> Renda Fixa,BETA CURVA,731632078.1641185,731174636.4389288,731174636.4389288
2024-07-17,731808377.5181922,176299.35407364368,0.0002409672283862907,1295,Risco >> Renda Fixa,BETA CURVA,731808377.5181922,731632078.1641185,731632078.1641185
2024-07-18,732046609.4395577,238231.9213654995,0.00032553866378703944,1295,Risco >> Renda Fixa,BETA CURVA,732046609.4395577,731808377.5181922,731808377.5181922
2024-07-19,732310617.916637,264008.47707927227,0.00036064435471039324,1295,Risco >> Renda Fixa,BETA CURVA,732310617.916637,732046609.4395577,732046609.4395577
2024-07-22,732788537.4378668,477919.52122986317,0.000652618587710041,1295,Risco >> Renda Fixa,BETA CURVA,732788537.4378668,732310617.916637,732310617.916637
2024-07-23,733055689.2416979,267151.80383110046,0.00036456875371593256,1295,Risco >> Renda Fixa,BETA CURVA,733055689.2416979,732788537.4378668,732788537.4378668
2024-07-24,733187728.3165963,132039.07489836216,0.00018012147894919117,1295,Risco >> Renda Fixa,BETA CURVA,733187728.3165963,733055689.2416979,733055689.2416979
2024-07-25,733608157.5010418,420429.1844455004,0.0005734263793677474,1295,Risco >> Renda Fixa,BETA CURVA,733608157.5010418,733187728.3165963,733187728.3165963
2024-07-26,733558317.5335292,-49839.967512607574,-6.793813155292483e-05,1295,Risco >> Renda Fixa,BETA CURVA,733558317.5335292,733608157.5010418,733608157.5010418
2024-07-29,734113075.6025677,554758.0690385103,0.0007562562590848199,1295,Risco >> Renda Fixa,BETA CURVA,734113075.6025677,733558317.5335292,733558317.5335292
2024-07-30,734306176.246681,193100.64411330223,0.00026303937435634417,1295,Risco >> Renda Fixa,BETA CURVA,734306176.246681,734113075.6025677,734113075.6025677
2024-07-31,734377623.6044074,71447.35772645473,9.729913765887943e-05,1295,Risco >> Renda Fixa,BETA CURVA,734377623.6044074,734306176.246681,734306176.246681
2024-08-01,734805286.4026837,427662.7982763052,0.0005823472618586845,1295,Risco >> Renda Fixa,BETA CURVA,734805286.4026837,734377623.6044074,734377623.6044074
2024-08-02,734863761.8609331,58475.45824933052,7.957952852466477e-05,1295,Risco >> Renda Fixa,BETA CURVA,734863761.8609331,734805286.4026837,734805286.4026837
2024-08-05,735054459.6347657,190697.7738326788,0.0002595008540764443,1295,Risco >> Renda Fixa,BETA CURVA,735054459.6347657,734863761.8609331,734863761.8609331
2024-08-06,735296787.3297927,242327.69502699375,0.0003296731172102163,1295,Risco >> Renda Fixa,BETA CURVA,735296787.3297927,735054459.6347657,735054459.6347657
2024-08-07,735447875.3016269,151087.97183418274,0.00020547889564825894,1295,Risco >> Renda Fixa,BETA CURVA,735447875.3016269,735296787.3297927,735296787.3297927
2024-08-08,735583581.8558822,135706.55425524712,0.00018452232824728299,1295,Risco >> Renda Fixa,BETA CURVA,735583581.8558822,735447875.3016269,735447875.3016269
2024-08-09,735578938.0981728,-4643.7577093839645,-6.313025227799862e-06,1295,Risco >> Renda Fixa,BETA CURVA,735578938.0981728,735583581.8558822,735583581.8558822
2024-08-12,735584784.5841151,5846.485942363739,7.948142122460311e-06,1295,Risco >> Renda Fixa,BETA CURVA,735584784.5841151,735578938.0981728,735578938.0981728
2024-08-13,736006568.3193265,421783.7352113724,0.000573399211145853,1295,Risco >> Renda Fixa,BETA CURVA,736006568.3193265,735584784.5841151,735584784.5841151
2024-08-14,736177361.1594248,170792.84009826183,0.00023205341833865134,1295,Risco >> Renda Fixa,BETA CURVA,736177361.1594248,736006568.3193265,736006568.3193265
2024-08-15,736202881.3100301,25520.15060532093,3.466576392008314e-05,1295,Risco >> Renda Fixa,BETA CURVA,736202881.3100301,736177361.1594248,736177361.1594248
2024-08-16,735996247.5668424,-206633.74318766594,-0.0002806749992881885,1295,Risco >> Renda Fixa,BETA CURVA,735996247.5668424,736202881.3100301,736202881.3100301
2024-08-19,736217274.570071,221027.0032285452,0.00030030995940433236,1295,Risco >> Renda Fixa,BETA CURVA,736217274.570071,735996247.5668424,735996247.5668424
2024-08-20,736350902.6764009,133628.1063299179,0.00018150634458824477,1295,Risco >> Renda Fixa,BETA CURVA,736350902.6764009,736217274.570071,736217274.570071
2024-08-21,716494276.1425205,143373.46611964703,0.0001947080740969387,1295,Risco >> Renda Fixa,BETA CURVA,716494276.1425205,736350902.6764009,736350902.6764009
2024-08-22,757120807.2066078,226531.0640872717,0.0003161659089683244,1295,Risco >> Renda Fixa,BETA CURVA,757120807.2066078,716494276.1425205,716494276.1425205
2024-08-23,757137767.1750555,16959.96844768524,2.2400610690143097e-05,1295,Risco >> Renda Fixa,BETA CURVA,757137767.1750555,757120807.2066078,757120807.2066078
2024-08-26,756946075.7352921,-191691.43976342678,-0.00025317907529398553,1295,Risco >> Renda Fixa,BETA CURVA,756946075.7352921,757137767.1750555,757137767.1750555
2024-08-27,756886605.9263126,-59469.80897951126,-7.856544988593672e-05,1295,Risco >> Renda Fixa,BETA CURVA,756886605.9263126,756946075.7352921,756946075.7352921
2024-08-28,862347167.2042047,460561.27789211273,0.0006084944221314004,1295,Risco >> Renda Fixa,BETA CURVA,862347167.2042047,756886605.9263126,756886605.9263126
2024-08-29,862573685.1433378,226517.93913316727,0.00026267604017027324,1295,Risco >> Renda Fixa,BETA CURVA,862573685.1433378,862347167.2042047,862347167.2042047
2024-08-30,862785882.0441124,212196.90077459812,0.00024600437554433974,1295,Risco >> Renda Fixa,BETA CURVA,862785882.0441124,862573685.1433378,862573685.1433378
2024-09-02,862895793.7157197,109911.67160725594,0.00012739159726038451,1295,Risco >> Renda Fixa,BETA CURVA,862895793.7157197,862785882.0441124,862785882.0441124
2024-09-03,863194471.8118007,298678.09608101845,0.00034613460658428075,1295,Risco >> Renda Fixa,BETA CURVA,863194471.8118007,862895793.7157197,862895793.7157197
2024-09-04,863548634.0062528,354162.19445204735,0.0004102924729216806,1295,Risco >> Renda Fixa,BETA CURVA,863548634.0062528,863194471.8118007,863194471.8118007
2024-09-05,863902941.8232385,354307.81698572636,0.00041029283474403044,1295,Risco >> Renda Fixa,BETA CURVA,863902941.8232385,863548634.0062528,863548634.0062528
2024-09-06,864257395.32277,354453.4995315075,0.0004102931965752621,1295,Risco >> Renda Fixa,BETA CURVA,864257395.32277,863902941.8232385,863902941.8232385
2024-09-09,864611994.5648837,354599.24211370945,0.0004102935584153755,1295,Risco >> Renda Fixa,BETA CURVA,864611994.5648837,864257395.32277,864257395.32277
2024-09-10,864966739.6096412,354745.0447574854,0.0004102939202641487,1295,Risco >> Renda Fixa,BETA CURVA,864966739.6096412,864611994.5648837,864611994.5648837
2024-09-11,865321630.5171291,354890.90748786926,0.00041029428212246977,1295,Risco >> Renda Fixa,BETA CURVA,865321630.5171291,864966739.6096412,864966739.6096412
2024-09-12,865676667.3474574,355036.8303283453,0.00041029464398834037,1295,Risco >> Renda Fixa,BETA CURVA,865676667.3474574,865321630.5171291,865321630.5171291
2024-09-13,866031850.1607631,355182.8133057356,0.000410295005864203,1295,Risco >> Renda Fixa,BETA CURVA,866031850.1607631,865676667.3474574,865676667.3474574
2024-09-16,866387179.0172065,355328.85644340515,0.00041029536774828124,1295,Risco >> Renda Fixa,BETA CURVA,866387179.0172065,866031850.1607631,866031850.1607631
2024-09-17,866742653.9769733,355474.95976674557,0.0004102957296412413,1295,Risco >> Renda Fixa,BETA CURVA,866742653.9769733,866387179.0172065,866387179.0172065
2024-09-18,867098405.5787195,355751.6017462015,0.0004104466303969101,1295,Risco >> Renda Fixa,BETA CURVA,867098405.5787195,866742653.9769733,866742653.9769733
2024-09-19,867454303.507883,355897.92916345596,0.0004104469883390305,1295,Risco >> Renda Fixa,BETA CURVA,867454303.507883,867098405.5787195,867098405.5787195
2024-09-20,867810347.8247856,356044.3169026375,0.00041044734629003266,1295,Risco >> Renda Fixa,BETA CURVA,867810347.8247856,867454303.507883,867454303.507883
2024-09-23,868167199.7382437,356851.9134581089,0.0004112095624955181,1295,Risco >> Renda Fixa,BETA CURVA,868167199.7382437,867810347.8247856,867810347.8247856
2024-09-24,868524198.7273308,356998.9890871048,0.00041120994803156563,1295,Risco >> Renda Fixa,BETA CURVA,868524198.7273308,868167199.7382437,868167199.7382437
2024-09-25,868881344.852809,357146.12547814846,0.000411210333576717,1295,Risco >> Renda Fixa,BETA CURVA,868881344.852809,868524198.7273308,868524198.7273308
2024-09-26,869238638.1754661,357293.3226571083,0.00041121071913186036,1295,Risco >> Renda Fixa,BETA CURVA,869238638.1754661,868881344.852809,868881344.852809
2024-09-27,869596078.7561142,357440.5806481838,0.0004112111046954414,1295,Risco >> Renda Fixa,BETA CURVA,869596078.7561142,869238638.1754661,869238638.1754661
2024-09-30,869953666.6555912,357587.899477005,0.0004112114902685704,1295,Risco >> Renda Fixa,BETA CURVA,869953666.6555912,869596078.7561142,869596078.7561142
2024-10-01,870353177.6877353,399511.0321440697,0.0004592325401420183,1295,Risco >> Renda Fixa,BETA CURVA,870353177.6877353,869953666.6555912,869953666.6555912
2024-10-02,870752872.7351564,399695.04742109776,0.00045923316840523754,1295,Risco >> Renda Fixa,BETA CURVA,870752872.7351564,870353177.6877353,870353177.6877353
2024-10-03,871152751.8830287,399879.14787232876,0.0004592337968594151,1295,Risco >> Renda Fixa,BETA CURVA,871152751.8830287,870752872.7351564,870752872.7351564
2024-10-04,871552815.2165667,400063.3335379362,0.0004592344255047731,1295,Risco >> Renda Fixa,BETA CURVA,871552815.2165667,871152751.8830287,871152751.8830287
2024-10-07,980453062.8210232,400247.6044565439,0.00045923505434042333,1295,Risco >> Renda Fixa,BETA CURVA,980453062.8210232,871552815.2165667,871552815.2165667
2024-10-08,980897076.5640996,444013.74307632446,0.0004528658840625699,1295,Risco >> Renda Fixa,BETA CURVA,980897076.5640996,980453062.8210232,980453062.8210232
2024-10-09,981347377.3243016,450300.7602020502,0.00045907034587089335,1295,Risco >> Renda Fixa,BETA CURVA,981347377.3243016,980897076.5640996,980897076.5640996
2024-10-10,981797885.3546185,450508.0303169489,0.0004590709067213705,1295,Risco >> Renda Fixa,BETA CURVA,981797885.3546185,981347377.3243016,981347377.3243016
2024-10-11,982248600.7508739,450715.39625537395,0.0004590714677417118,1295,Risco >> Renda Fixa,BETA CURVA,982248600.7508739,981797885.3546185,981797885.3546185
2024-10-14,982699523.6089371,450922.858063221,0.0004590720289328054,1295,Risco >> Renda Fixa,BETA CURVA,982699523.6089371,982248600.7508739,982248600.7508739
2024-10-15,983150654.0247216,451130.4157844782,0.0004590725902946513,1295,Risco >> Renda Fixa,BETA CURVA,983150654.0247216,982699523.6089371,982699523.6089371
2024-10-16,983601992.0941855,451338.06946384907,0.00045907315182702746,1295,Risco >> Renda Fixa,BETA CURVA,983601992.0941855,983150654.0247216,983150654.0247216
2024-10-17,984053537.9133312,451545.8191456795,0.0004590737135294898,1295,Risco >> Renda Fixa,BETA CURVA,984053537.9133312,983601992.0941855,983601992.0941855
2024-10-18,984505291.5782068,451753.66487562656,0.00045907427540337054,1295,Risco >> Renda Fixa,BETA CURVA,984505291.5782068,984053537.9133312,984053537.9133312
2024-10-21,984957253.1849047,451961.606697917,0.0004590748374480036,1295,Risco >> Renda Fixa,BETA CURVA,984957253.1849047,984505291.5782068,984505291.5782068
2024-10-22,985409422.8295615,452169.6446567774,0.00045907539966294486,1295,Risco >> Renda Fixa,BETA CURVA,985409422.8295615,984957253.1849047,984957253.1849047
2024-10-23,985861800.6083597,452377.77879822254,0.0004590759620495266,1295,Risco >> Renda Fixa,BETA CURVA,985861800.6083597,985409422.8295615,985409422.8295615
2024-10-24,986314386.6175253,452586.00916564465,0.0004590765246066386,1295,Risco >> Renda Fixa,BETA CURVA,986314386.6175253,985861800.6083597,985861800.6083597
2024-10-25,986767180.9533303,452794.33580493927,0.000459077087334947,1295,Risco >> Renda Fixa,BETA CURVA,986767180.9533303,986314386.6175253,986314386.6175253
2024-10-28,987220183.7120911,453002.7587608099,0.00045907765023467384,1295,Risco >> Renda Fixa,BETA CURVA,987220183.7120911,986767180.9533303,986767180.9533303
2024-10-29,987673394.9901688,453211.2780777216,0.00045907821330559706,1295,Risco >> Renda Fixa,BETA CURVA,987673394.9901688,987220183.7120911,987220183.7120911
2024-10-30,988126814.8839697,453419.8938008547,0.00045907877654771667,1295,Risco >> Renda Fixa,BETA CURVA,988126814.8839697,987673394.9901688,987673394.9901688
2024-10-31,988580443.4899447,453628.60597503185,0.0004590793399612547,1295,Risco >> Renda Fixa,BETA CURVA,988580443.4899447,988126814.8839697,988126814.8839697
2024-11-01,988975240.5539968,394797.06405210495,0.000399357550163959,1295,Risco >> Renda Fixa,BETA CURVA,988975240.5539968,988580443.4899447,988580443.4899447
2024-11-04,989370196.5500928,394955.996096015,0.00039935883114194937,1295,Risco >> Renda Fixa,BETA CURVA,989370196.5500928,988975240.5539968,988975240.5539968
2024-11-05,989765311.5428668,395114.9927740097,0.0003993601122731505,1295,Risco >> Renda Fixa,BETA CURVA,989765311.5428668,989370196.5500928,989370196.5500928
2024-11-06,990160629.9524468,395318.4095799923,0.0003994062076835281,1295,Risco >> Renda Fixa,BETA CURVA,990160629.9524468,989765311.5428668,989765311.5428668
2024-11-07,990556107.52448,395477.5720331669,0.0003994074901283451,1295,Risco >> Renda Fixa,BETA CURVA,990556107.52448,990160629.9524468,990160629.9524468
2024-11-08,990855363.4737028,299255.9492228031,0.0003021090344601518,1295,Risco >> Renda Fixa,BETA CURVA,990855363.4737028,990556107.52448,990556107.52448
2024-11-11,1393158843.725987,-696519.7477158308,-0.0007029479512267178,1295,Risco >> Renda Fixa,BETA CURVA,1393158843.725987,990855363.4737028,990855363.4737028
2024-11-12,1393748908.3047009,590064.5787138939,0.00042354436564884246,1295,Risco >> Renda Fixa,BETA CURVA,1393748908.3047009,1393158843.725987,1393158843.725987
2024-11-13,1394339226.078266,590317.7735650539,0.00042354671637601093,1295,Risco >> Renda Fixa,BETA CURVA,1394339226.078266,1393748908.3047009,1393748908.3047009
2024-11-14,1394929797.1568284,590571.0785624981,0.00042354906719754837,1295,Risco >> Renda Fixa,BETA CURVA,1394929797.1568284,1394339226.078266,1394339226.078266
2024-11-18,1395520621.650583,590824.4937546253,0.00042355141811345476,1295,Risco >> Renda Fixa,BETA CURVA,1395520621.650583,1394929797.1568284,1394929797.1568284
2024-11-19,1396111699.6697717,591078.0191886425,0.00042355376912284193,1295,Risco >> Renda Fixa,BETA CURVA,1396111699.6697717,1395520621.650583,1395520621.650583
2024-11-21,1396703031.3246865,591331.654914856,0.000423556120226376,1295,Risco >> Renda Fixa,BETA CURVA,1396703031.3246865,1396111699.6697717,1396111699.6697717
2024-11-22,1397294616.725668,591585.4009814262,0.00042355847142427905,1295,Risco >> Renda Fixa,BETA CURVA,1397294616.725668,1396703031.3246865,1396703031.3246865
2024-11-25,1397886455.983105,591839.2574369907,0.00042356082271610695,1295,Risco >> Renda Fixa,BETA CURVA,1397886455.983105,1397294616.725668,1397294616.725668
2024-11-26,1398478549.2074358,592093.2243309021,0.0004235631741023038,1295,Risco >> Renda Fixa,BETA CURVA,1398478549.2074358,1397886455.983105,1397886455.983105
2024-11-27,1399070896.509147,592347.3017110825,0.0004235655255826476,1295,Risco >> Renda Fixa,BETA CURVA,1399070896.509147,1398478549.2074358,1398478549.2074358
2024-11-28,1399663497.9987736,592601.489626646,0.0004235678771571383,1295,Risco >> Renda Fixa,BETA CURVA,1399663497.9987736,1399070896.509147,1399070896.509147
2024-11-29,1400256353.7868996,592855.7881259918,0.00042357022882555384,1295,Risco >> Renda Fixa,BETA CURVA,1400256353.7868996,1399663497.9987736,1399663497.9987736
2024-12-02,1400894540.7756872,638186.9887876511,0.00045576439418515413,1295,Risco >> Renda Fixa,BETA CURVA,1400894540.7756872,1400256353.7868996,1400256353.7868996
2024-12-03,1401533019.3294098,638478.55372262,0.0004557648953140703,1295,Risco >> Renda Fixa,BETA CURVA,1401533019.3294098,1400894540.7756872,1400894540.7756872
2024-12-04,1482171789.581611,638770.2522010803,0.00045576539645608705,1295,Risco >> Renda Fixa,BETA CURVA,1482171789.581611,1401533019.3294098,1401533019.3294098
2024-12-05,1482851422.5390813,679632.957470417,0.00045853858658473357,1295,Risco >> Renda Fixa,BETA CURVA,1482851422.5390813,1482171789.581611,1482171789.581611
2024-12-06,1483531368.035509,679945.4964277744,0.0004585391942124595,1295,Risco >> Renda Fixa,BETA CURVA,1483531368.035509,1482851422.5390813,1482851422.5390813
2024-12-09,1484211626.2150524,680258.1795432568,0.00045853980185395216,1295,Risco >> Renda Fixa,BETA CURVA,1484211626.2150524,1483531368.035509,1483531368.035509
2024-12-10,1484892197.2219372,680571.0068848133,0.00045854040951054387,1295,Risco >> Renda Fixa,BETA CURVA,1484892197.2219372,1484211626.2150524,1484211626.2150524
2024-12-11,1485573180.0064304,680982.7844932079,0.00045860755802151765,1295,Risco >> Renda Fixa,BETA CURVA,1485573180.0064304,1484892197.2219372,1484892197.2219372
2024-12-12,1486254475.9933412,681295.98691082,0.00045860816288278983,1295,Risco >> Renda Fixa,BETA CURVA,1486254475.9933412,1485573180.0064304,1485573180.0064304
2024-12-13,1486936085.3271525,681609.3338112831,0.00045860876775871695,1295,Risco >> Renda Fixa,BETA CURVA,1486936085.3271525,1486254475.9933412,1486254475.9933412
2024-12-16,1567618008.1524138,681922.8252613544,0.000458609372649299,1295,Risco >> Renda Fixa,BETA CURVA,1567618008.1524138,1486936085.3271525,1486936085.3271525
2024-12-17,1568342659.6186187,724651.4662048817,0.0004622627849617533,1295,Risco >> Renda Fixa,BETA CURVA,1568342659.6186187,1567618008.1524138,1567618008.1524138
2024-12-18,1569067647.3535335,724987.7349147797,0.00046226360704304525,1295,Risco >> Renda Fixa,BETA CURVA,1569067647.3535335,1568342659.6186187,1568342659.6186187
2024-12-19,1569792971.5138314,725324.1602978706,0.00046226442914765187,1295,Risco >> Renda Fixa,BETA CURVA,1569792971.5138314,1569067647.3535335,1569067647.3535335
2024-12-20,1651563080.6586878,770109.144856453,0.0004905800693666418,1295,Risco >> Renda Fixa,BETA CURVA,1651563080.6586878,1569792971.5138314,1569792971.5138314
2024-12-23,1652333576.008953,770495.3502652645,0.0004665249298003715,1295,Risco >> Renda Fixa,BETA CURVA,1652333576.008953,1651563080.6586878,1651563080.6586878
2024-12-24,1653104432.6873295,770856.6783764362,0.0004665260632410462,1295,Risco >> Renda Fixa,BETA CURVA,1653104432.6873295,1652333576.008953,1652333576.008953
2024-12-26,1653875650.8642013,771218.1768717766,0.0004665271967227991,1295,Risco >> Renda Fixa,BETA CURVA,1653875650.8642013,1653104432.6873295,1653104432.6873295
2024-12-27,1654647230.7100286,771579.8458273411,0.0004665283302429657,1295,Risco >> Renda Fixa,BETA CURVA,1654647230.7100286,1653875650.8642013,1653875650.8642013
2024-12-30,1655419172.3953557,771941.6853270531,0.00046652946380354443,1295,Risco >> Renda Fixa,BETA CURVA,1655419172.3953557,1654647230.7100286,1654647230.7100286
2024-12-31,1656191476.090806,772303.6954503059,0.000466530597403203,1295,Risco >> Renda Fixa,BETA CURVA,1656191476.090806,1655419172.3953557,1655419172.3953557
2025-01-02,1656798236.967039,606760.8762331009,0.000366359134793548,1295,Risco >> Renda Fixa,BETA CURVA,1656798236.967039,1656191476.090806,1656191476.090806
2025-01-03,1699408275.2756822,610038.3086431026,0.0003682031372509442,1295,Risco >> Renda Fixa,BETA CURVA,1699408275.2756822,1656798236.967039,1656798236.967039
2025-01-06,1700034254.954762,625979.679079771,0.0003683515540009452,1295,Risco >> Renda Fixa,BETA CURVA,1700034254.954762,1699408275.2756822,1699408275.2756822
2025-01-07,1700660479.477601,626224.5228390694,0.0003683599439328056,1295,Risco >> Renda Fixa,BETA CURVA,1700660479.477601,1700034254.954762,1700034254.954762
2025-01-08,1701286948.9452772,626469.4676761627,0.000368368334088931,1295,Risco >> Renda Fixa,BETA CURVA,1701286948.9452772,1700660479.477601,1700660479.477601
2025-01-09,1701913663.4589133,626714.5136361122,0.0003683767244699876,1295,Risco >> Renda Fixa,BETA CURVA,1701913663.4589133,1701286948.9452772,1701286948.9452772
2025-01-10,1702540623.1196733,626959.6607599258,0.00036838511507442107,1295,Risco >> Renda Fixa,BETA CURVA,1702540623.1196733,1701913663.4589133,1701913663.4589133
2025-01-13,1703167828.0287662,627204.9090929031,0.0003683935059026755,1295,Risco >> Renda Fixa,BETA CURVA,1703167828.0287662,1702540623.1196733,1702540623.1196733
2025-01-14,1703795278.287446,627450.2586798668,0.0003684018969558611,1295,Risco >> Renda Fixa,BETA CURVA,1703795278.287446,1703167828.0287662,1703167828.0287662
2025-01-15,1704422973.9970078,627695.7095618248,0.0003684102882317575,1295,Risco >> Renda Fixa,BETA CURVA,1704422973.9970078,1703795278.287446,1703795278.287446
2025-01-16,1705050915.258793,627941.2617852688,0.00036841867973214093,1295,Risco >> Renda Fixa,BETA CURVA,1705050915.258793,1704422973.9970078,1704422973.9970078
2025-01-17,1705679102.174184,628186.9153909683,0.0003684270714552351,1295,Risco >> Renda Fixa,BETA CURVA,1705679102.174184,1705050915.258793,1705050915.258793
2025-01-20,1706307534.8446102,628432.6704261303,0.0003684354634028164,1295,Risco >> Renda Fixa,BETA CURVA,1706307534.8446102,1705679102.174184,1705679102.174184
2025-01-21,1706936213.3715415,628678.5269312859,0.0003684438555728864,1295,Risco >> Renda Fixa,BETA CURVA,1706936213.3715415,1706307534.8446102,1706307534.8446102
2025-01-22,1707565137.8564944,628924.4849529266,0.0003684522479669994,1295,Risco >> Renda Fixa,BETA CURVA,1707565137.8564944,1706936213.3715415,1706936213.3715415
2025-01-23,1708194308.401028,629170.5445334911,0.00036846064058404515,1295,Risco >> Renda Fixa,BETA CURVA,1708194308.401028,1707565137.8564944,1707565137.8564944
2025-01-24,1708823725.106744,629416.7057161331,0.0003684690334235796,1295,Risco >> Renda Fixa,BETA CURVA,1708823725.106744,1708194308.401028,1708194308.401028
2025-01-27,1709453388.0752904,629662.9685463905,0.00036847742648649096,1295,Risco >> Renda Fixa,BETA CURVA,1709453388.0752904,1708823725.106744,1708823725.106744
2025-01-28,1710083297.4083588,629909.3330683708,0.00036848581977277917,1295,Risco >> Renda Fixa,BETA CURVA,1710083297.4083588,1709453388.0752904,1709453388.0752904
2025-01-29,1710713544.6926277,630247.284268856,0.0003685477106432078,1295,Risco >> Renda Fixa,BETA CURVA,1710713544.6926277,1710083297.4083588,1710083297.4083588
2025-01-30,1711344038.6314304,630493.9388027191,0.00036855611552200074,1295,Risco >> Renda Fixa,BETA CURVA,1711344038.6314304,1710713544.6926277,1710713544.6926277
2025-01-31,1711974779.3266518,630740.6952214241,0.0003685645206243926,1295,Risco >> Renda Fixa,BETA CURVA,1711974779.3266518,1711344038.6314304,1711344038.6314304
2025-02-03,1713159138.9078367,1184359.581184864,0.0006918090123095855,1295,Risco >> Renda Fixa,BETA CURVA,1713159138.9078367,1711974779.3266518,1711974779.3266518
2025-02-04,1714344366.7638228,1185227.8559861183,0.0006918375701756574,1295,Risco >> Renda Fixa,BETA CURVA,1714344366.7638228,1713159138.9078367,1713159138.9078367
2025-02-05,1715530463.5592818,1186096.795459032,0.0006918661258812353,1295,Risco >> Renda Fixa,BETA CURVA,1715530463.5592818,1714344366.7638228,1714344366.7638228
2025-02-06,1716717429.9594133,1186966.400131464,0.0006918946794269853,1295,Risco >> Renda Fixa,BETA CURVA,1716717429.9594133,1715530463.5592818,1715530463.5592818
2025-02-07,1717905266.6299388,1187836.6705255508,0.0006919232308100209,1295,Risco >> Renda Fixa,BETA CURVA,1717905266.6299388,1716717429.9594133,1716717429.9594133
2025-02-10,1719093974.2371056,1188707.6071667671,0.0006919517800296759,1295,Risco >> Renda Fixa,BETA CURVA,1719093974.2371056,1717905266.6299388,1717905266.6299388
2025-02-11,1720283553.447688,1189579.2105824947,0.0006919803270850622,1295,Risco >> Renda Fixa,BETA CURVA,1720283553.447688,1719093974.2371056,1719093974.2371056
2025-02-12,1721474004.9289846,1190451.4812965393,0.0006920088719739592,1295,Risco >> Renda Fixa,BETA CURVA,1721474004.9289846,1720283553.447688,1720283553.447688
2025-02-13,1722665329.3488204,1191324.419835806,0.0006920374146950348,1295,Risco >> Renda Fixa,BETA CURVA,1722665329.3488204,1721474004.9289846,1721474004.9289846
2025-02-14,1723857527.3755493,1192198.0267288685,0.0006920659552482888,1295,Risco >> Renda Fixa,BETA CURVA,1723857527.3755493,1722665329.3488204,1722665329.3488204
2025-02-17,1725050599.6780505,1193072.3025012016,0.0006920944936310569,1295,Risco >> Renda Fixa,BETA CURVA,1725050599.6780505,1723857527.3755493,1723857527.3755493
2025-02-18,1727778264.431512,2727664.7534615993,0.0015812085477207027,1295,Risco >> Renda Fixa,BETA CURVA,1727778264.431512,1725050599.6780505,1725050599.6780505
2025-02-19,1728975287.7352102,1197023.303698063,0.0006928107201833456,1295,Risco >> Renda Fixa,BETA CURVA,1728975287.7352102,1727778264.431512,1727778264.431512
2025-02-20,1730173190.0983603,1197902.3631501198,0.0006928394938017224,1295,Risco >> Renda Fixa,BETA CURVA,1730173190.0983603,1728975287.7352102,1728975287.7352102
2025-02-21,1731371972.195133,1198782.0967726707,0.0006928682652309615,1295,Risco >> Renda Fixa,BETA CURVA,1731371972.195133,1730173190.0983603,1730173190.0983603
2025-02-24,1732571634.7002335,1199662.5051004887,0.0006928970344710628,1295,Risco >> Renda Fixa,BETA CURVA,1732571634.7002335,1731371972.195133,1731371972.195133
2025-02-25,1733772178.2888987,1200543.588665247,0.0006929258015198059,1295,Risco >> Renda Fixa,BETA CURVA,1733772178.2888987,1732571634.7002335,1732571634.7002335
2025-02-26,1734973603.6368995,1201425.3480007648,0.0006929545663758585,1295,Risco >> Renda Fixa,BETA CURVA,1734973603.6368995,1733772178.2888987,1733772178.2888987
2025-02-27,1736175911.420542,1202307.7836425304,0.0006929833290387766,1295,Risco >> Renda Fixa,BETA CURVA,1736175911.420542,1734973603.6368995,1734973603.6368995
2025-02-28,1737379090.6017296,1203179.1811876297,0.0006930053419547111,1295,Risco >> Renda Fixa,BETA CURVA,1737379090.6017296,1736175911.420542,1736175911.420542
2025-03-05,1738216001.785384,836911.1836543083,0.0004817090226201248,1295,Risco >> Renda Fixa,BETA CURVA,1738216001.785384,1737379090.6017296,1737379090.6017296
2025-03-06,1739053318.7404687,837316.9550848007,0.0004817105320769066,1295,Risco >> Renda Fixa,BETA CURVA,1739053318.7404687,1738216001.785384,1738216001.785384
2025-03-07,1739891041.664973,837722.9245042801,0.00048171204153235614,1295,Risco >> Renda Fixa,BETA CURVA,1739891041.664973,1739053318.7404687,1739053318.7404687
2025-03-10,1740729170.756983,838129.0920100212,0.0004817135509864734,1295,Risco >> Renda Fixa,BETA CURVA,1740729170.756983,1739891041.664973,1739891041.664973
2025-03-11,1741567706.214682,838535.4576990604,0.00048171506043903634,1295,Risco >> Renda Fixa,BETA CURVA,1741567706.214682,1740729170.756983,1740729170.756983
2025-03-12,1742406648.2363522,838942.0216701031,0.0004817165698907111,1295,Risco >> Renda Fixa,BETA CURVA,1742406648.2363522,1741567706.214682,1741567706.214682
2025-03-13,1743245997.0203705,839348.7840182781,0.00048171807934038746,1295,Risco >> Renda Fixa,BETA CURVA,1743245997.0203705,1742406648.2363522,1742406648.2363522
2025-03-14,1744085752.7652133,839755.7448427677,0.0004817195887889536,1295,Risco >> Renda Fixa,BETA CURVA,1744085752.7652133,1743245997.0203705,1743245997.0203705
2025-03-17,1744925915.6694553,840162.9042420387,0.0004817210982372977,1295,Risco >> Renda Fixa,BETA CURVA,1744925915.6694553,1744085752.7652133,1744085752.7652133
2025-03-18,1745766485.931764,840570.2623085976,0.0004817226076823111,1295,Risco >> Renda Fixa,BETA CURVA,1745766485.931764,1744925915.6694553,1744925915.6694553
2025-03-19,1746607463.7509112,840977.8191473484,0.0004817241171282127,1295,Risco >> Renda Fixa,BETA CURVA,1746607463.7509112,1745766485.931764,1745766485.931764
2025-03-20,1747448995.6136491,841531.8627378941,0.00048180938201802803,1295,Risco >> Renda Fixa,BETA CURVA,1747448995.6136491,1746607463.7509112,1746607463.7509112
2025-03-21,1748290935.579636,841939.9659869671,0.0004818108958259959,1295,Risco >> Renda Fixa,BETA CURVA,1748290935.579636,1747448995.6136491,1747448995.6136491
2025-03-24,1749133283.8480473,842348.2684111595,0.0004818124096330756,1295,Risco >> Renda Fixa,BETA CURVA,1749133283.8480473,1748290935.579636,1748290935.579636
2025-03-25,1749976040.6181555,842756.770108223,0.000481813923438823,1295,Risco >> Renda Fixa,BETA CURVA,1749976040.6181555,1749133283.8480473,1749133283.8480473
2025-03-26,1870533098.4188266,557057.8006711006,0.000318323101426099,1295,Risco >> Renda Fixa,BETA CURVA,1870533098.4188266,1749976040.6181555,1749976040.6181555
2025-03-27,1871442860.6759782,909762.2571516037,0.00048636522813771954,1295,Risco >> Renda Fixa,BETA CURVA,1871442860.6759782,1870533098.4188266,1870533098.4188266
2025-03-28,1872353068.628107,910207.9521288872,0.00048636694779990997,1295,Risco >> Renda Fixa,BETA CURVA,1872353068.628107,1871442860.6759782,1871442860.6759782
2025-03-31,1873263722.495111,910653.8670039177,0.00048636866746032403,1295,Risco >> Renda Fixa,BETA CURVA,1873263722.495111,1872353068.628107,1872353068.628107
2025-04-01,1874104297.9553347,840575.4602236748,0.0004487224356770625,1295,Risco >> Renda Fixa,BETA CURVA,1874104297.9553347,1873263722.495111,1873263722.495111
2025-04-02,1874945254.3686454,840956.4133107662,0.00044872444624788344,1295,Risco >> Renda Fixa,BETA CURVA,1874945254.3686454,1874104297.9553347,1874104297.9553347
2025-04-03,1875786591.9093826,841337.5407371521,0.00044872645682692003,1295,Risco >> Renda Fixa,BETA CURVA,1875786591.9093826,1874945254.3686454,1874945254.3686454
2025-04-04,1876628310.7519658,841718.8425831795,0.00044872846741395023,1295,Risco >> Renda Fixa,BETA CURVA,1876628310.7519658,1875786591.9093826,1875786591.9093826
2025-04-07,1877470411.0708964,842100.3189306259,0.0004487304780098622,1295,Risco >> Renda Fixa,BETA CURVA,1877470411.0708964,1876628310.7519658,1876628310.7519658
2025-04-08,1878312893.0407555,842481.9698591232,0.00044873248861398984,1295,Risco >> Renda Fixa,BETA CURVA,1878312893.0407555,1877470411.0708964,1877470411.0708964
2025-04-09,1879155756.836205,842863.7954494953,0.00044873449922655517,1295,Risco >> Renda Fixa,BETA CURVA,1879155756.836205,1878312893.0407555,1878312893.0407555
2025-04-10,1879999002.6319869,843245.7957818508,0.0004487365098471141,1295,Risco >> Renda Fixa,BETA CURVA,1879999002.6319869,1879155756.836205,1879155756.836205
2025-04-11,1880842630.602924,843627.970937252,0.0004487385204758887,1295,Risco >> Renda Fixa,BETA CURVA,1880842630.602924,1879999002.6319869,1879999002.6319869
2025-04-14,1881686640.923922,844010.3209979534,0.00044874053111354506,1295,Risco >> Renda Fixa,BETA CURVA,1881686640.923922,1880842630.602924,1880842630.602924
2025-04-15,1882531033.7699647,844392.846042633,0.00044874254175919503,1295,Risco >> Renda Fixa,BETA CURVA,1882531033.7699647,1881686640.923922,1881686640.923922
2025-04-16,1883375809.3161182,844775.5461535454,0.00044874455241350475,1295,Risco >> Renda Fixa,BETA CURVA,1883375809.3161182,1882531033.7699647,1882531033.7699647
2025-04-17,1884220967.7375278,845158.4214096069,0.00044874656307514194,1295,Risco >> Renda Fixa,BETA CURVA,1884220967.7375278,1883375809.3161182,1883375809.3161182
2025-04-22,1885066509.2094219,845541.4718940258,0.0004487485737456609,1295,Risco >> Renda Fixa,BETA CURVA,1885066509.2094219,1884220967.7375278,1884220967.7375278
2025-04-23,1885912433.907109,845924.697687149,0.00044875058442461757,1295,Risco >> Renda Fixa,BETA CURVA,1885912433.907109,1885066509.2094219,1885066509.2094219
2025-04-24,1886758742.0059788,846308.0988698006,0.00044875259511201193,1295,Risco >> Renda Fixa,BETA CURVA,1886758742.0059788,1885912433.907109,1885912433.907109
2025-04-25,1887605433.6815012,846691.6755223274,0.00044875460580717785,1295,Risco >> Renda Fixa,BETA CURVA,1887605433.6815012,1886758742.0059788,1886758742.0059788
2025-04-28,1888452509.109228,847075.4277267456,0.0004487566165110035,1295,Risco >> Renda Fixa,BETA CURVA,1888452509.109228,1887605433.6815012,1887605433.6815012
2025-04-29,1889299968.4647913,847459.3555634022,0.0004487586272228228,1295,Risco >> Renda Fixa,BETA CURVA,1889299968.4647913,1888452509.109228,1888452509.109228
2025-04-30,1889866666.4577584,566697.9929671288,0.00029995130600024567,1295,Risco >> Renda Fixa,BETA CURVA,1889866666.4577584,1889299968.4647913,1889299968.4647913
2025-05-02,1890620540.8869185,753874.4291601181,0.0003989035007285757,1295,Risco >> Renda Fixa,BETA CURVA,1890620540.8869185,1889866666.4577584,1889866666.4577584
2025-05-05,1891374725.5042953,754184.6173768044,0.00039890850705726066,1295,Risco >> Renda Fixa,BETA CURVA,1891374725.5042953,1890620540.8869185,1890620540.8869185
2025-05-06,1892129220.4411807,754494.9368853569,0.00039891351338861014,1295,Risco >> Renda Fixa,BETA CURVA,1892129220.4411807,1891374725.5042953,1891374725.5042953
2025-05-07,1892884025.8289263,754805.3877456188,0.0003989185197244005,1295,Risco >> Renda Fixa,BETA CURVA,1892884025.8289263,1892129220.4411807,1892129220.4411807
2025-05-08,1893639223.7550023,755197.9260759354,0.00039896682299134234,1295,Risco >> Renda Fixa,BETA CURVA,1893639223.7550023,1892884025.8289263,1892884025.8289263
2025-05-09,1894394732.482277,755508.7272746563,0.0003989718409911358,1295,Risco >> Renda Fixa,BETA CURVA,1894394732.482277,1893639223.7550023,1893639223.7550023
2025-05-12,1895150552.1423442,755819.6600673199,0.0003989768589975906,1295,Risco >> Renda Fixa,BETA CURVA,1895150552.1423442,1894394732.482277,1894394732.482277
2025-05-13,1895906682.8668501,756130.7245059013,0.00039898187700759813,1295,Risco >> Renda Fixa,BETA CURVA,1895906682.8668501,1895150552.1423442,1895150552.1423442
2025-05-14,1896321984.6762404,415301.8093903065,0.00021905181997783352,1295,Risco >> Renda Fixa,BETA CURVA,1896321984.6762404,1895906682.8668501,1895906682.8668501
2025-05-15,1897078552.9190476,756568.2428071499,0.0003989661296557312,1295,Risco >> Renda Fixa,BETA CURVA,1897078552.9190476,1896321984.6762404,1896321984.6762404
2025-05-16,1897715947.6682372,637394.7491896152,0.0003359875363140308,1295,Risco >> Renda Fixa,BETA CURVA,1897715947.6682372,1897078552.9190476,1897078552.9190476
2025-05-19,1884637616.7785828,-13078330.889654398,-0.006891616685692159,1295,Risco >> Renda Fixa,BETA CURVA,1884637616.7785828,1897715947.6682372,1897715947.6682372
2025-05-20,1885415946.029638,778329.2510552406,0.0004129861593156203,1295,Risco >> Renda Fixa,BETA CURVA,1885415946.029638,1884637616.7785828,1884637616.7785828
2025-05-21,1886194604.148399,778658.1187610626,0.0004129900992939639,1295,Risco >> Renda Fixa,BETA CURVA,1886194604.148399,1885415946.029638,1885415946.029638
2025-05-22,1886973591.2766435,778987.1282444,0.0004129940391788267,1295,Risco >> Renda Fixa,BETA CURVA,1886973591.2766435,1886194604.148399,1886194604.148399
2025-05-23,1887752907.5256243,779316.2489807606,0.00041299796276073053,1295,Risco >> Renda Fixa,BETA CURVA,1887752907.5256243,1886973591.2766435,1886973591.2766435
2025-05-26,1888532553.0983994,779645.5727751255,0.00041300191866588953,1295,Risco >> Renda Fixa,BETA CURVA,1888532553.0983994,1887752907.5256243,1887752907.5256243
2025-05-27,1889312528.1063647,779975.0079653263,0.0004130058582711982,1295,Risco >> Renda Fixa,BETA CURVA,1889312528.1063647,1888532553.0983994,1888532553.0983994
2025-05-28,1890092832.6915467,780304.5851819515,0.00041300979778302604,1295,Risco >> Renda Fixa,BETA CURVA,1890092832.6915467,1889312528.1063647,1889312528.1063647
2025-05-29,1890873466.9960334,780634.3044867516,0.00041301373720092904,1295,Risco >> Renda Fixa,BETA CURVA,1890873466.9960334,1890092832.6915467,1890092832.6915467
2025-05-30,1891654431.161977,780964.1659436226,0.00041301767652623944,1295,Risco >> Renda Fixa,BETA CURVA,1891654431.161977,1890873466.9960334,1890873466.9960334
2025-06-02,1892423917.260503,769486.098526001,0.000406779423265613,1295,Risco >> Renda Fixa,BETA CURVA,1892423917.260503,1891654431.161977,1891654431.161977
2025-06-03,1893193725.8047576,769808.5442545414,0.0004067844087327632,1295,Risco >> Renda Fixa,BETA CURVA,1893193725.8047576,1892423917.260503,1892423917.260503
2025-06-04,1893963856.9322283,770131.1274707317,0.00040678939348559595,1295,Risco >> Renda Fixa,BETA CURVA,1893963856.9322283,1893193725.8047576,1893193725.8047576
2025-06-05,1894734310.7804604,770453.8482320309,0.000406794377523223,1295,Risco >> Renda Fixa,BETA CURVA,1894734310.7804604,1893963856.9322283,1893963856.9322283
2025-06-06,1895200608.0199609,466297.2395005226,0.00024610164963356773,1295,Risco >> Renda Fixa,BETA CURVA,1895200608.0199609,1894734310.7804604,1894734310.7804604
2025-06-09,1895971542.5984988,770934.578537941,0.000406782572396569,1295,Risco >> Renda Fixa,BETA CURVA,1895971542.5984988,1895200608.0199609,1895200608.0199609
2025-06-10,1896742800.22125,771257.622751236,0.00040678755214562656,1295,Risco >> Renda Fixa,BETA CURVA,1896742800.22125,1895971542.5984988,1895971542.5984988
2025-06-11,1897514381.0259552,771580.804705143,0.00040679253118303116,1295,Risco >> Renda Fixa,BETA CURVA,1897514381.0259552,1896742800.22125,1896742800.22125
2025-06-12,1898286285.1504118,771904.1244566441,0.0004067975095078946,1295,Risco >> Renda Fixa,BETA CURVA,1898286285.1504118,1897514381.0259552,1897514381.0259552
2025-06-13,1899058512.732481,772227.5820691586,0.00040680248712221534,1295,Risco >> Renda Fixa,BETA CURVA,1899058512.732481,1898286285.1504118,1898286285.1504118
2025-06-16,1899831063.9100833,772551.1776022911,0.00040680746402621537,1295,Risco >> Renda Fixa,BETA CURVA,1899831063.9100833,1899058512.732481,1899058512.732481
2025-06-17,1900603938.8211987,772874.911115408,0.00040681244022011676,1295,Risco >> Renda Fixa,BETA CURVA,1900603938.8211987,1899831063.9100833,1899831063.9100833
2025-06-18,1901377137.603868,773198.7826693058,0.00040681741570458563,1295,Risco >> Renda Fixa,BETA CURVA,1901377137.603868,1900603938.8211987,1900603938.8211987
2025-06-20,1902121241.7084575,744104.1045894623,0.00039135008509005864,1295,Risco >> Renda Fixa,BETA CURVA,1902121241.7084575,1901377137.603868,1901377137.603868
2025-06-23,1902895127.083887,773885.3754296303,0.0004068538631820662,1295,Risco >> Renda Fixa,BETA CURVA,1902895127.083887,1902121241.7084575,1902121241.7084575
2025-06-24,1903669336.7961686,774209.7122814655,0.0004068588443273402,1295,Risco >> Renda Fixa,BETA CURVA,1903669336.7961686,1902895127.083887,1902895127.083887
2025-06-25,1904443870.98363,774534.1874613762,0.00040686382476740057,1295,Risco >> Renda Fixa,BETA CURVA,1904443870.98363,1903669336.7961686,1903669336.7961686
2025-06-26,1905218729.7846584,774858.8010284901,0.00040686880450202523,1295,Risco >> Renda Fixa,BETA CURVA,1905218729.7846584,1904443870.98363,1904443870.98363
2025-06-27,1905993913.3377025,775183.5530440807,0.0004068737835323244,1295,Risco >> Renda Fixa,BETA CURVA,1905993913.3377025,1905218729.7846584,1905218729.7846584
2025-06-30,1906769421.7812724,775508.4435698986,0.00040687876185918626,1295,Risco >> Renda Fixa,BETA CURVA,1906769421.7812724,1905993913.3377025,1905993913.3377025
2025-07-01,1907687114.0063138,917692.2250413895,0.0004812811735694922,1295,Risco >> Renda Fixa,BETA CURVA,1907687114.0063138,1906769421.7812724,1906769421.7812724
2025-07-02,1908328644.2460032,641530.2396893501,0.00033628692828036044,1295,Risco >> Renda Fixa,BETA CURVA,1908328644.2460032,1907687114.0063138,1907687114.0063138
2025-07-03,1909172551.2396226,843906.993619442,0.000442223092004701,1295,Risco >> Renda Fixa,BETA CURVA,1909172551.2396226,1908328644.2460032,1908328644.2460032
2025-07-04,1910016830.5735617,844279.3339390755,0.00044222264425020086,1295,Risco >> Renda Fixa,BETA CURVA,1910016830.5735617,1909172551.2396226,1909172551.2396226
2025-07-07,1910569944.9310684,553114.357506752,0.00028958611707130544,1295,Risco >> Renda Fixa,BETA CURVA,1910569944.9310684,1910016830.5735617,1910016830.5735617
2025-07-08,1911414820.0806985,844875.1496300697,0.00044221105428343677,1295,Risco >> Renda Fixa,BETA CURVA,1911414820.0806985,1910569944.9310684,1910569944.9310684
2025-07-09,1912260073.6213882,845253.5406897068,0.00044221355396523165,1295,Risco >> Renda Fixa,BETA CURVA,1912260073.6213882,1911414820.0806985,1911414820.0806985
2025-07-10,1913105705.7243135,845632.1029253006,0.0004422160534491848,1295,Risco >> Renda Fixa,BETA CURVA,1913105705.7243135,1912260073.6213882,1912260073.6213882
2025-07-11,1913951716.5607285,846010.8364150524,0.0004422185527352962,1295,Risco >> Renda Fixa,BETA CURVA,1913951716.5607285,1913105705.7243135,1913105705.7243135
2025-07-14,1914769742.5340855,818025.9733569622,0.00042740157250520383,1295,Risco >> Renda Fixa,BETA CURVA,1914769742.5340855,1913951716.5607285,1913951716.5607285
2025-07-15,1915616495.7241056,846753.1900200844,0.00044222193990783865,1295,Risco >> Renda Fixa,BETA CURVA,1915616495.7241056,1914769742.5340855,1914769742.5340855
2025-07-16,1916463628.153235,847132.4291293621,0.00044222443846164694,1295,Risco >> Renda Fixa,BETA CURVA,1916463628.153235,1915616495.7241056,1915616495.7241056
2025-07-17,1917311139.9930348,847511.839799881,0.0004422269368171694,1295,Risco >> Renda Fixa,BETA CURVA,1917311139.9930348,1916463628.153235,1916463628.153235
2025-07-18,1918159031.4151452,847891.4221103191,0.00044222943497507217,1295,Risco >> Renda Fixa,BETA CURVA,1918159031.4151452,1917311139.9930348,1917311139.9930348
2025-07-21,1919007302.591286,848271.1761407852,0.0004422319329357993,1295,Risco >> Renda Fixa,BETA CURVA,1919007302.591286,1918159031.4151452,1918159031.4151452
2025-07-22,2028555953.6932518,848651.1019659042,0.0004422344306975745,1295,Risco >> Renda Fixa,BETA CURVA,2028555953.6932518,1919007302.591286,1919007302.591286
2025-07-23,2029464874.79606,908921.1028082371,0.00044806311659950637,1295,Risco >> Renda Fixa,BETA CURVA,2029464874.79606,2028555953.6932518,2028555953.6932518
2025-07-24,2030342418.8805215,877544.0844614506,0.0004324017110912681,1295,Risco >> Renda Fixa,BETA CURVA,2030342418.8805215,2029464874.79606,2029464874.79606
2025-07-25,2031220358.0319424,877939.1514208317,0.00043240940210709233,1295,Risco >> Renda Fixa,BETA CURVA,2031220358.0319424,2030342418.8805215,2030342418.8805215
2025-07-28,2032098692.4300394,878334.3980970383,0.0004324170908507341,1295,Risco >> Renda Fixa,BETA CURVA,2032098692.4300394,2031220358.0319424,2031220358.0319424
2025-07-29,2032931501.0422697,832808.6122303009,0.00040982685306212296,1295,Risco >> Renda Fixa,BETA CURVA,2032931501.0422697,2032098692.4300394,2032098692.4300394
2025-07-30,2033810601.1722047,879100.1299350262,0.0004324297840259117,1295,Risco >> Renda Fixa,BETA CURVA,2033810601.1722047,2032931501.0422697,2032931501.0422697
2025-07-31,2034690097.0745108,879495.9023060799,0.0004324374658088992,1295,Risco >> Renda Fixa,BETA CURVA,2034690097.0745108,2033810601.1722047,2033810601.1722047
2025-08-01,2035304474.5248802,614377.4503693581,0.00030195136411825807,1295,Risco >> Renda Fixa,BETA CURVA,2035304474.5248802,2034690097.0745108,2034690097.0745108
2025-08-04,2035919080.2713342,614605.7464540005,0.000301972385039484,1295,Risco >> Renda Fixa,BETA CURVA,2035919080.2713342,2035304474.5248802,2035304474.5248802
2025-08-05,2036533914.409917,614834.1385829449,0.0003019934065850993,1295,Risco >> Renda Fixa,BETA CURVA,2036533914.409917,2035919080.2713342,2035919080.2713342
