overview_date,portfolio_id,instrument_name,instrument_id,book_name,instrument_type,quantity,price,asset_value,exposure_value,dtd_chg,portfolio_nav
2025-05-02,1157,BNY MELLON ARX LIQUIDEZ J FUNDO DE INVESTIMENTO RENDA FIXA REFERENCIADO DI,1240,Caixa,3,499931.38182767,1.61633576,808056.97,808056.9699942772,5.523e-06,74675467.700000000
2025-05-02,1157,BRL,1,Caixa,7,100.46,1.0,100.46,100.46,0.0,74675467.700000000
2025-05-02,1157,HY FI FINANCEIRO MULTIMERCADO CRÉDITO PRIVADO INVESTIMENTO NO EXTERIOR - RESPONSABILIDADE LIMITADA,1409,Risco >> Crédito,3,31721505.59039967,1.07327561,34045918.26,34045918.26265462,0.000227145,74675467.700000000
2025-05-02,1157,JGP DESENVOLVIMENTO I FUNDO DE INVESTIMENTO IMOBILIÁRIO RESPONSABILIDADE LIMITADA,1239,Risco >> Crédito,3,20000.0,1258.096121,25161922.42,25161922.42,0.0,74675467.700000000
2025-05-02,1157,JGP ESTRUTURADOS III FUNDO DE INVESTIMENTO EM DIREITOS CREDITÓRIOS - RESPONSABILIDADE LIMITADA,1238,Risco >> Crédito,3,15047.92716448,925.72660101,13930266.47,13930266.466220118,6.87e-05,74675467.700000000
2025-05-02,1157,LFT - 01/09/2027,1405,Caixa,1,30.0,16450.928156,493527.84,493527.84468,3.425e-06,74675467.700000000
2025-05-02,1157,VINCI SPS IV LOCAL FEEDER A FUNDO DE INVESTIMENTO  FINANCEIRO,1756,Risco >> Crédito,3,250.0,976.16957119,244042.39,244042.3927975,-8.69e-07,74675467.700000000
2025-05-02,1175,ASSAY FIM 95 JGP,1157,Risco >> Multimercado Terceiros,3,41383861.31221845,1.35347612,56012068.04,56012068.03947954,6.158e-06,2716428122.600000000
2025-05-02,1175,BRL,1,Caixa,7,17392731.93,1.0,17392731.93,17392731.93,0.0,2716428122.600000000
2025-05-02,1175,CSHG SOBERANO EXCLUSIVO FUNDO DE INVESTIMENTO EM COTAS DE FUNDO DE INVESTIMENTO RENDA FIXA REF DI,1214,Caixa,3,1351017.12464,4.3335731,5854731.47,5854731.468979252,1.291e-06,2716428122.600000000
2025-05-02,1175,DODGERS FIA,1517,Risco >> Renda Variável Próprio,3,844357265.5231025,0.91769854,774865429.81,774865429.8089435,-0.013785961,2716428122.600000000
2025-05-02,1175,ES INVESTIMENTOS FUNDO DE INVESTIMENTO AÇÕES INVESTIMENTO NO EXTERIOR,1178,Risco >> Renda Variável Próprio,3,131213026.183163,0.2044623,26828117.12,26828117.123369727,-0.000304354,2716428122.600000000
2025-05-02,1175,GERAÇÃO FUTURO II FUNDO DE INVESTIMENTO EM COTAS DE FUNDOS DE INVESTIMENTO EM AÇÕES,1288,Risco >> Renda Variável Terceiros,3,174122102.78087977,1.1022484,191925809.19,191925809.19486028,-6.0383e-05,2716428122.600000000
2025-05-02,1175,KONDOR KOBOLD FIC DE FI MULTIMERCADO I CRÉDITO PRIVADO,1226,Risco >> Crédito,3,3926280.3948825,5.7289019,22493275.21,22493275.214175105,0.0,2716428122.600000000
2025-05-02,1175,PATRIOTS FIP MULT,1676,Risco >> Ilíquidos,3,18338324.33,0.99647693,18273717.13,18273717.129702706,3.6e-07,2716428122.600000000
2025-05-02,1175,RAMS FIA,1270,Risco >> Renda Variável Próprio,3,1102649733.0472155,0.96058598,1059189874.42,1059189874.4158978,0.004685636,2716428122.600000000
2025-05-02,1175,Ravens Fundo de Investimento em Direitos Creditorios,1289,Risco >> Crédito,3,59612.87825989,1069.19767352,63737950.75,63737950.74730537,0.0,2716428122.600000000
2025-05-02,1175,TITANS FIF MULTI,1695,Risco >> Multimercado Próprio,3,926146884.263987,0.5002588,463313128.95,463313128.94564104,0.000576889,2716428122.600000000
2025-05-02,1203,2663 FIM CP IE,1206,Risco >> Multimercado Terceiros,3,515851142.1305655,1.2082069,623254909.3,623254909.2950299,-0.00054615,3159084214.390000000
2025-05-02,1203,ASSAY FIM 95 JGP,1157,Risco >> Multimercado Próprio,3,0.00781865,1.35347612,0.01,0.010582356065638,0.0,3159084214.390000000
2025-05-02,1203,BETA RF FIM CP,1211,Risco >> Renda Fixa,3,1635374108.4228005,1.11246102,1819289948.74,1819289948.7376194,-0.000188677,3159084214.390000000
2025-05-02,1203,BRL,1,Caixa,7,500.0,1.0,500.0,500.0,0.0,3159084214.390000000
2025-05-02,1203,BTG 2664 FUNDO DE INVESTIMENTO MULTIMERCADO - CRÉDITO PRIVADO INVESTIMENTO NO EXTERIOR,1158,Risco >> Multimercado Próprio,3,240966129.45536482,1.55888343,375638106.4,375638106.3992031,6.442e-06,3159084214.390000000
2025-05-02,1203,CSHG RHONE MASTER FIM,1273,Padrão,3,34280045.36674444,1.2777882,43802637.46,43802637.46509072,1.9798e-05,3159084214.390000000
2025-05-02,1203,CSHG SOBERANO EXCLUSIVO FUNDO DE INVESTIMENTO EM COTAS DE FUNDO DE INVESTIMENTO RENDA FIXA REF DI,1214,Caixa,3,1351516.0862,4.3335731,5856893.76,5856893.755373601,9.27e-07,3159084214.390000000
2025-05-02,1203,FIDC MULTISETORIAL MAXIMUM,1274,Caixa,3,32930.6698419,16.10264063,530270.74,530270.7421692946,0.0,3159084214.390000000
2025-05-02,1203,LATACHE CRÉDITO ESTRUTURADO FUNDO DE INVESTIMENTO MULTIMERCADO CRÉDITO PRIVADO,1188,Risco >> Crédito,3,8907060.08319729,2.08484857,18569871.48,18569871.47735795,-2.0911e-05,3159084214.390000000
2025-05-02,1203,NC CASH PERENNE FUNDO DE INVESTIMENTO RENDA FIXA,1213,Caixa,3,247686888.3609232,1.10775363,274376049.69,274376049.68521744,3.8954e-05,3159084214.390000000
2025-05-02,1204,2663 FIM CP IE,1206,Risco >> Multimercado Terceiros,3,0.08993883,1.2082069,0.11,0.108664714983927,0.0,375060455.060000000
2025-05-02,1204,2663 II FIF - MULT CRED PRIV RESP LIMITADA,1886,Risco >> Multimercado Terceiros,3,133339960.231,1.2075295,161011935.51,161011935.5077593,-0.001138413,375060455.060000000
2025-05-02,1204,BRL,1,Caixa,7,499.92,1.0,499.92,499.92,0.0,375060455.060000000
2025-05-02,1204,CSHG SOBERANO EXCLUSIVO FUNDO DE INVESTIMENTO EM COTAS DE FUNDO DE INVESTIMENTO RENDA FIXA REF DI,1214,Caixa,3,1177169.03134,4.3335731,5101348.05,5101348.0483680805,6.77e-06,375060455.060000000
2025-05-02,1204,FIDC MULTISETORIAL MAXIMUM,1274,Risco >> Crédito,3,7452.34824589,16.10264063,120002.49,120002.48565317754,0.0,375060455.060000000
2025-05-02,1204,NC CASH PERENNE FUNDO DE INVESTIMENTO RENDA FIXA,1213,Caixa,3,44497321.073667,1.10775363,49292068.94,49292068.944630116,5.8908e-05,375060455.060000000
2025-05-02,1204,WOLVES FUNDO DE INVESTIMENTO MULTIMERCADO,1201,Risco >> Multimercado Próprio,3,149014097.10030046,1.07181013,159714818.78,159714818.78490564,-0.000205055,375060455.060000000
2025-05-02,1205,2663 II FIF - MULT CRED PRIV RESP LIMITADA,1886,Risco >> Multimercado Terceiros,3,114196576.13903,1.2075295,137895734.49,137895734.48687482,-0.001110869,329182550.220000000
2025-05-02,1205,ASSAY FIM 95 JGP,1157,Risco >> Multimercado Próprio,3,0.00946478,1.35347612,0.01,0.0128103537110536,0.0,329182550.220000000
2025-05-02,1205,BRL,1,Caixa,7,500.06,1.0,500.06,500.06,0.0,329182550.220000000
2025-05-02,1205,CSHG SOBERANO EXCLUSIVO FUNDO DE INVESTIMENTO EM COTAS DE FUNDO DE INVESTIMENTO RENDA FIXA REF DI,1214,Caixa,3,1079826.14017,4.3335731,4679505.51,4679505.5137175415,7.075e-06,329182550.220000000
2025-05-02,1205,FIDC MULTISETORIAL MAXIMUM,1274,Risco >> Crédito,3,7350.98190799,16.10264063,118370.22,118370.2199419947,0.0,329182550.220000000
2025-05-02,1205,NC CASH PERENNE FUNDO DE INVESTIMENTO RENDA FIXA,1213,Caixa,3,36208234.47451154,1.10775363,40109803.18,40109803.175031304,5.4616e-05,329182550.220000000
2025-05-02,1205,WOLVES FUNDO DE INVESTIMENTO MULTIMERCADO,1201,Risco >> Multimercado Próprio,3,136739773.26911983,1.07181013,146559074.16,146559074.16374585,-0.000214392,329182550.220000000
2025-05-02,1206,Absolute Strategy Offshore Segregated Portfolio,1887,Risco >> Multimercado Terceiros,3,24000.0,1000.0,135345600.0,135345600.0,-0.000848952,623254954.950000000
2025-05-02,1206,BRL,1,Caixa,7,499.98,1.0,499.98,499.98,0.0,623254954.950000000
2025-05-02,1206,CSHG ALLOCATION ACE CAPITAL W FUNDO DE INVESTIMENTO EM COTAS DE FUNDOS DE INVESTIMENTO MULTIMERCADO,1200,Risco >> Multimercado Terceiros,3,5269580.000969,1.6008189,8435643.26,8435643.260613194,-3.1908e-05,623254954.950000000
2025-05-02,1206,CSHG SOBERANO EXCLUSIVO FUNDO DE INVESTIMENTO EM COTAS DE FUNDO DE INVESTIMENTO RENDA FIXA REF DI,1214,Caixa,3,1832350.06885,4.3335731,7940622.97,7940622.968151508,4.873e-06,623254954.950000000
2025-05-02,1206,GENOA CAPITAL VESTAS III FUNDO DE INVESTIMENTO EM COTAS DE FUNDO DE INVESTIMENTO MULTIMERCADO,1264,Risco >> Multimercado Terceiros,3,133688409.36023918,1.36112417,181966525.23,181966525.2290758,-0.000524601,623254954.950000000
2025-05-02,1206,IBIUNA HEDGE ST PLUS FUNDO DE INVESTIMENTO EM COTAS DE FUNDO DE INVESTIMENTO FINANCEIRO MULT,1199,Padrão,3,946170.24343064,108.3376561,102505866.44,102505866.44484197,-0.002476653,623254954.950000000
2025-05-02,1206,ITAÚ JANEIRO DISTRIBUIDORES FIF DA CLASSE DE INV EM COTAS MULTIMERCADO - RESPONSABILIDADE LIMITADA,1196,Risco >> Multimercado Terceiros,3,33427611.57999,1.254664,41940420.86,41940420.855396576,0.000236813,623254954.950000000
2025-05-02,1206,KAPITALO ZETA KPN FUNDO DE INVESTIMENTO EM COTAS DE FUNDOS DE INVESTIMENTO MULTIMERCADO,1197,Padrão,3,41988748.91253992,1.1990966,50348566.06,50348566.05928031,-0.000113095,623254954.950000000
2025-05-02,1206,LEGACY CAPITAL ALPHA FUNDO DE INVESTIMENTO EM COTAS DE FUNDO DE INVESTIMENTO MULTIMERCADO,1265,Risco >> Multimercado Terceiros,3,70561501.42664225,1.07568235,75901761.67,75901761.6741389,0.000148849,623254954.950000000
2025-05-02,1206,LFT - 01/03/2027,1285,Caixa,1,1092.0,16458.47607527,17972655.87,17972655.87419484,1.4394e-05,623254954.950000000
2025-05-02,1206,WDOM25,1846,Padrão,5,-2400.0,5691.077,0.0,-136585848.0,0.000512505,623254954.950000000
2025-05-02,1208,ASSAY FIM 95 JGP,1157,Risco >> Multimercado Próprio,3,6894617.19909446,1.35347612,9331699.74,9331699.735515637,8.319e-06,330999451.840000000
2025-05-02,1208,BRL,1,Caixa,7,500.01,1.0,500.01,500.01,0.0,330999451.840000000
2025-05-02,1208,CSHG SOBERANO EXCLUSIVO FUNDO DE INVESTIMENTO EM COTAS DE FUNDO DE INVESTIMENTO RENDA FIXA REF DI,1214,Caixa,3,1408129.83205,4.3335731,6102233.56,6102233.561479398,9.055e-06,330999451.840000000
2025-05-02,1208,DODGERS FIA,1517,Risco >> Renda Variável Próprio,3,140754988.43476617,0.91769854,129170647.38,129170647.3843018,-0.018634602,330999451.840000000
2025-05-02,1208,GERAÇÃO FUTURO II FUNDO DE INVESTIMENTO EM COTAS DE FUNDOS DE INVESTIMENTO EM AÇÕES,1288,Padrão,3,14302438.6039218,1.1022484,15764840.07,15764840.067271037,-4.0218e-05,330999451.840000000
2025-05-02,1208,HAWKS FIM,1607,Risco >> Multimercado Próprio,3,172729360.72938597,0.95683827,165274062.7,165274062.6985116,0.004351284,330999451.840000000
2025-05-02,1208,RED SOX FIP,1693,Risco >> Ilíquidos,3,5700000.0,0.95229856,5428101.79,5428101.792,-3.0373e-05,330999451.840000000
2025-05-02,1209,ASSAY FIM 95 JGP,1157,Risco >> Multimercado Próprio,3,6894617.19909446,1.35347612,9331699.74,9331699.735515637,6.3309e-05,386236985.050000000
2025-05-02,1209,BRL,1,Caixa,7,-29192.29,1.0,-29192.29,-29192.29,0.0,386236985.050000000
2025-05-02,1209,CELTICS FIP CLU,1694,Risco >> Ilíquidos,3,16175927.2599999,0.99010103,16015802.24,16015802.24133098,-0.00026588,386236985.050000000
2025-05-02,1209,CSHG SOBERANO EXCLUSIVO FUNDO DE INVESTIMENTO EM COTAS DE FUNDO DE INVESTIMENTO RENDA FIXA REF DI,1214,Caixa,3,544214.71112,4.3335731,2358394.23,2358394.232733903,0.001447199,386236985.050000000
2025-05-02,1209,DODGERS FIA,1517,Risco >> Renda Variável Próprio,3,140754988.43476617,0.91769854,129170647.38,129170647.3843018,0.048702528,386236985.050000000
2025-05-02,1209,ELEVA EDUCAÇÃO III FUNDO DE INVESTIMENTO EM PARTICIPAÇÕES - MULTIESTRATÉGIA,1224,Risco >> Ilíquidos,3,6.82e-06,890.42359521,0.01,0.0060726889193322,0.0,386236985.050000000
2025-05-02,1209,FALCONS FIM,1608,Risco >> Multimercado Próprio,3,193973014.07953727,0.91157924,176821772.76,176821772.7551339,0.019135328,386236985.050000000
2025-05-02,1209,GERAÇÃO FUTURO II FUNDO DE INVESTIMENTO EM COTAS DE FUNDOS DE INVESTIMENTO EM AÇÕES,1288,Risco >> Renda Variável Terceiros,3,14302438.6039218,1.1022484,15764840.07,15764840.067271037,0.002109824,386236985.050000000
2025-05-02,1209,PACKERS FUNDO DE INVESTIMENTO EM DIREITOS CREDITÓRIOS,1219,Risco >> Crédito,3,34800.0,1059.24972056,36861890.28,36861890.275488,-0.000116941,386236985.050000000
2025-05-02,1210,ABEV3,350,Padrão,2,134900.0,14.12,1904788.0,1904788.0,-0.000401378,150853301.240000000
2025-05-02,1210,ACCESS SPX THUNDERBOLT 2 FI EM COTAS DE FI MULTIMERCADO CRÉDITO PRIVADO INVESTIMENTO NO EXTERIOR,1261,Padrão,3,1958655.140373,1.21414,2378081.55,2378081.5521324743,-9.9713e-05,150853301.240000000
2025-05-02,1210,BRL,1,Caixa,7,373001.22,1.0,373001.22,373001.22,0.0,150853301.240000000
2025-05-02,1210,BUD US,1310,Padrão,2,17680.0,66.01,6597372.09,6597372.0904,4.7542e-05,150853301.240000000
2025-05-02,1210,CVRDA6,1256,Padrão,1,61733.0,31.721269,1958249.1,1958249.099177,3.0516e-05,150853301.240000000
2025-05-02,1210,DEXP3,392,Padrão,2,39000.0,7.94,309660.0,309660.0,-2.5787e-05,150853301.240000000
2025-05-02,1210,DI1F29,1657,Padrão,5,270.0,62826.45,0.0,16963141.5,-0.000265713,150853301.240000000
2025-05-02,1210,DOLM25,1816,Padrão,5,-10.0,5691.077,0.0,-2845538.5,4.271e-05,150853301.240000000
2025-05-02,1210,ENEV3,935,Padrão,2,341500.0,13.35,4559025.0,4559025.0,-0.000361277,150853301.240000000
2025-05-02,1210,LFT - 01/03/2026,1252,Padrão,1,3910.0,16473.398861,64410989.55,64410989.54651,0.0002219,150853301.240000000
2025-05-02,1210,LFT - 01/09/2029,1254,Padrão,1,278.0,16391.868423,4556939.42,4556939.421594,1.5698e-05,150853301.240000000
2025-05-02,1210,LREN3,338,Padrão,2,120560.0,14.88,1793932.8,1793932.8,0.000215227,150853301.240000000
2025-05-02,1210,NTCO3,333,Padrão,2,237400.0,9.54,2264796.0,2264796.0,4.709e-05,150853301.240000000
2025-05-02,1210,NTN-B  - 15/08/2028,1253,Padrão,1,6000.0,4353.252792,26119516.75,26119516.752,-0.00012084,150853301.240000000
2025-05-02,1210,NTN-B  - 15/08/2040,1255,Padrão,1,1000.0,4020.576324,4020576.32,4020576.324,5.417e-06,150853301.240000000
2025-05-02,1210,PFE US,1309,Padrão,2,18800.0,24.2,2571888.88,2571888.88,-0.000180943,150853301.240000000
2025-05-02,1210,T10M25,1807,Padrão,5,20.0,111.1562,0.0,12537085.4856,-0.000792357,150853301.240000000
2025-05-02,1210,TESOURO SELIC FI RF,1215,Caixa,3,1677696.2793327,4.72324135,7924164.44,7924164.439285359,2.6394e-05,150853301.240000000
2025-05-02,1210,Treasury_Mulligan,1298,Padrão,1,2130000.0,1.012914306,12196389.74,12196389.73797234,-0.000922406,150853301.240000000
2025-05-02,1210,UGPA3,298,Padrão,2,83800.0,17.73,1485774.0,1485774.0,-5.5408e-05,150853301.240000000
2025-05-02,1210,USD,2,Caixa,7,0.01,1.0,0.06,0.05653,0.0,150853301.240000000
2025-05-02,1210,VALE3,300,Padrão,2,54200.0,52.8,2861760.0,2861760.0,-2.1502e-05,150853301.240000000
2025-05-02,1210,VBBR3,83,Padrão,2,118800.0,18.82,2235816.0,2235816.0,1.571e-05,150853301.240000000
2025-05-02,1210,WALDENCAST PLC,1262,Padrão,2,27770.0,2.78,436414.99,436414.9918,5.6784e-05,150853301.240000000
2025-05-02,1211,BRL,1,Caixa,7,0.01,1.0,0.01,0.01,0.0,1819289956.430000000
2025-05-02,1211,NTN-B  - 15/05/2029,1365,Padrão,1,39000.0,4404.629591,171780554.05,171780554.049,-4.4799e-05,1819289956.430000000
2025-05-02,1211,NTN-B  - 15/08/2026,1280,Padrão,1,87377.0,4390.975883,383670299.73,383670299.728891,3.7649e-05,1819289956.430000000
2025-05-02,1211,NTN-B  - 15/08/2028,1253,Padrão,1,146745.0,4353.252792,638818080.96,638818080.96204,-0.000245612,1819289956.430000000
2025-05-02,1211,NTN-C - 01/01/2031,1279,Padrão,1,200.0,8238.374218,1647674.84,1647674.8436,1.45e-07,1819289956.430000000
2025-05-02,1211,NTN-F - 01/01/2031,1450,Padrão,1,521400.0,887.259825,462617272.76,462617272.755,-0.000153071,1819289956.430000000
2025-05-02,1211,NTN-F - 01/01/2033,1381,Padrão,1,120800.0,859.279393,103800950.67,103800950.6744,3.0598e-05,1819289956.430000000
2025-05-02,1211,NTN-F - 01/01/2035,1434,Padrão,1,63100.0,832.613326,52537900.87,52537900.8706,5.3925e-05,1819289956.430000000
2025-05-02,1211,Repo (NTN-B - 15/05/2033),1376,Caixa,16,1135.0,4154.20239657,4715019.72,4715019.72010695,0.0,1819289956.430000000
2025-05-02,1211,Repo (NTN-B - 15/08/2028),1362,Caixa,16,0.0,4313.8332343,0.0,0.0,1.359e-06,1819289956.430000000
2025-05-02,1232,BRL,1,Caixa,7,8366.37,1.0,8366.37,8366.37,0.0,5201610.030000000
2025-05-02,1232,GLOBAL ENERGY FUNDO DE INVESTIMENTO EM PARTICIPAÇÕES MULTIESTRATÉGIA INVESTIMENTO NO EXTERIOR,1218,FIP Sanchez,3,154929708.71000087,0.03184615,4933914.74,4933914.743034994,-0.000111378,5201610.030000000
2025-05-02,1232,LFT - 01/09/2028,1276,Caixa,1,13.0,16426.315815,213542.11,213542.105595,2.0852e-05,5201610.030000000
2025-05-02,1232,PLURAL TESOURO SELIC FUNDO DE INVESTIMENTO RENDA FIXA SIMPLES,1235,Caixa,3,32027.56070153,1.62547485,52059.99,52059.994427185375,5.169e-06,5201610.030000000
2025-05-02,1233,BRL,1,Caixa,7,15053.03,1.0,15053.03,15053.03,0.0,92380866.150000000
2025-05-02,1233,LFT - 01/09/2028,1276,Caixa,1,13.0,16426.315815,213542.11,213542.105595,1.175e-06,92380866.150000000
2025-05-02,1233,PLURAL TESOURO SELIC FUNDO DE INVESTIMENTO RENDA FIXA SIMPLES,1235,Caixa,3,18938085.27293392,1.62547485,30783381.32,30783381.31830947,0.000172156,92380866.150000000
2025-05-02,1233,SALTRIVER FUNDO DE INVESTIMENTO EM PARTICIPAÇÕES MULTIESTRATÉGIA INVESTIMENTO NO EXTERIOR,1217,FIP Sanchez,3,125653140.70488265,0.48849417,61380826.68,61380826.67652486,0.000152006,92380866.150000000
2025-05-02,1234,PLURAL TESOURO SELIC FUNDO DE INVESTIMENTO RENDA FIXA SIMPLES,1235,Caixa,3,33743.13195811,1.62547485,54848.61,54848.61235813906,2.334e-06,16622493.360000000
2025-05-02,1234,SALTMONT FUNDO DE INVESTIMENTO EM PARTICIPAÇÕES MULTIESTRATÉGIA INVESTIMENTO NO EXTERIOR,1216,FIP Sanchez,3,657356820.8351206,0.02522077,16579045.19,16579045.186213784,2.3308e-05,16622493.360000000
2025-05-02,1247,ABSOLUTE PACE LONG BIASED FUNDO DE INVESTIMENTO EM COTAS DE FUNDOS DE INVESTIMENTO EM AÇÕES,1278,Risco >> Renda Variável Terceiros,3,17170328.99470001,3.25274022,55850619.71,55850619.71169289,0.003073484,206628177.970000000
2025-05-02,1247,ALPHA KEY AÇÕES FC FI,1629,Risco >> Renda Variável Terceiros,3,6248892.50097093,1.81603988,11348237.99,11348237.987596147,0.000341336,206628177.970000000
2025-05-02,1247,BRL,1,Caixa,7,499.94,1.0,499.94,499.94,0.0,206628177.970000000
2025-05-02,1247,CLASSE ÚNICA DE COTAS DO ASTER P FI EM AÇÕES RESPONSABILIDADE LIMITADA,1153,Risco >> Renda Variável Terceiros,3,19280803.3301,1.1168953,21534638.62,21534638.61961304,-3.3425e-05,206628177.970000000
2025-05-02,1247,CSHG ALLOCATION SPX FALCON FUNDO DE INVESTIMENTO EM COTAS DE FUNDOS DE INVESTIMENTO EM  AÇÕES,1171,Risco >> Renda Variável Terceiros,3,14135146.41152791,4.7838221,67620025.79,67620025.79020292,0.002026112,206628177.970000000
2025-05-02,1247,CSHG SOBERANO EXCLUSIVO FUNDO DE INVESTIMENTO EM COTAS DE FUNDO DE INVESTIMENTO RENDA FIXA REF DI,1214,Caixa,3,295987.22451,4.3335731,1282682.27,1282682.2740801966,3.112e-06,206628177.970000000
2025-05-02,1247,CSHG SOBERANO PRIVATE I FUNDO DE INVESTIMENTO EM COTAS DE FUNDO DE INVESTIMENTO RENDA FIXA REF DI,1277,Caixa,3,975028.93065679,4.1837139,4079242.09,4079242.0900909486,9.841e-06,206628177.970000000
2025-05-02,1247,NORTE ASSET LONG BIAS PERENNE FUNDO DE INVESTIMENTO EM COTAS DE FUNDOS DE INVESTIMENTO EM AÇÕES,1195,Risco >> Renda Variável Terceiros,3,9619718.47234763,1.02790267,9888134.3,9888134.30237445,0.000426654,206628177.970000000
2025-05-02,1247,SQUADRA UDINE FUNDO DE INVESTIMENTO EM COTAS DE FUNDOS DE INVESTIMENTO EM AÇÕES,1193,Risco >> Renda Variável Terceiros,3,21815.78576271,1126.36578111,24572554.57,24572554.571143266,0.000374842,206628177.970000000
2025-05-02,1270,AMZN US,1705,Risco >> Renda Variável Próprio,2,29404.0,189.98,31578629.86,31578629.863760002,0.000826178,1059189871.670000000
2025-05-02,1270,BOVA11,1402,Padrão,3,3874375.0,131.85,510836343.75,510836343.75,0.0008145419999999999,1059189871.670000000
2025-05-02,1270,BRL,1,Caixa,7,423497.49,1.0,423497.49,423497.49,0.0,1059189871.670000000
2025-05-02,1270,DEXP3,392,Risco >> Renda Variável Próprio,2,3570500.0,7.94,28349770.0,28349770.0,-0.000341207,1059189871.670000000
2025-05-02,1270,DOLG25,1673,Padrão,5,0.0,5830.1,0.0,0.0,0.0,1059189871.670000000
2025-05-02,1270,DOLM25,1816,Padrão,5,-325.0,5691.077,0.0,-92480001.25,0.000200619,1059189871.670000000
2025-05-02,1270,GOOGL US,1704,Padrão,2,35514.0,164.03,32930768.11,32930768.10726,0.000944107,1059189871.670000000
2025-05-02,1270,INDM25,1809,Padrão,5,-780.0,137047.0,0.0,-106896660.0,7.3794e-05,1059189871.670000000
2025-05-02,1270,LFT - 01/09/2027,1405,Caixa,1,1620.0,16450.928156,26650503.61,26650503.61272,1.3193e-05,1059189871.670000000
2025-05-02,1270,META US,1706,Padrão,2,10046.0,597.02,33904788.49,33904788.48676,0.0025480800000000003,1059189871.670000000
2025-05-02,1270,MSFT US,1707,Padrão,2,13888.0,435.28,34173338.32,34173338.32192,0.0029448119999999998,1059189871.670000000
2025-05-02,1270,NC CASH PERENNE FUNDO DE INVESTIMENTO RENDA FIXA,1213,Caixa,3,162654358.6474932,1.10775363,180180956.23,180180956.2270825,7.7274e-05,1059189871.670000000
2025-05-02,1270,NVDA US,1708,Padrão,2,57436.0,114.5,37176513.56,37176513.566,0.001665595,1059189871.670000000
2025-05-02,1270,Repo (NTN-B - 15/05/2027),1401,Caixa,16,4423.0,4434.60055628,19614238.26,19614238.26042644,0.0,1059189871.670000000
2025-05-02,1270,Repo (NTN-F - 01/01/2035),1436,Caixa,16,0.0,803.58075981,0.0,0.0,9.708e-06,1059189871.670000000
2025-05-02,1270,SOJA3,228,Risco >> Renda Variável Próprio,2,4694551.0,10.48,49198894.48,49198894.48,0.000672938,1059189871.670000000
2025-05-02,1270,SPY US,1845,Padrão,3,20000.0,566.76,64077885.6,64077885.6,0.001203705,1059189871.670000000
2025-05-02,1270,WDOM25,1846,Padrão,5,-1311.0,5691.077,0.0,-74610019.47,0.000161853,1059189871.670000000
2025-05-02,1270,WING25,1663,Caixa,5,0.0,124540.0,0.0,0.0,0.0,1059189871.670000000
2025-05-02,1270,WINM25,1808,Padrão,5,-18816.0,137047.0,0.0,-515735270.4,0.000356026,1059189871.670000000
2025-05-02,1273,BRL,1,Caixa,7,499.95,1.0,499.95,499.95,0.0,43802637.690000000
2025-05-02,1273,CS CERES I DEB NORTE FUNDO DE INVESTIMENTO MULTIMERCADO - CRÉDITO PRIVADO INVESTIMENTO NO EXTERIOR,1246,Risco >> Crédito,3,95344.00306765,3.1699243,302233.27,302233.2721834183,1.05e-06,43802637.690000000
2025-05-02,1273,CS CERES III DEB ASTER FUNDO DE INVESTIMENTO MULTIMERCADO - CRÉDITO PRIVADO INVESTIMENTO NO EXTERIOR,1160,Risco >> Crédito,3,396573.96264688,0.8030481,318467.97,318467.96721304796,1.44e-07,43802637.690000000
2025-05-02,1273,CS CERES IV CENTRAL FUNDO DE INVESTIMENTO MULTIMERCADO CREDITO PRIVADO,1161,Risco >> Crédito,3,11271.11715001,999.8377435,11269288.34,11269288.33799015,3.7804e-05,43802637.690000000
2025-05-02,1273,CSHG INFLATION 2030 FUNDO DE INVESTIMENTO MULTIMERCADO - CREDITO PRIVADO INVESTIMENTO NO EXTERIOR,1244,Risco >> Crédito,3,5000000.0,1.1132957,5566478.5,5566478.5,-0.000121811,43802637.690000000
2025-05-02,1273,CSHG JIVE DISTRESSED ALLOCATION II FI EM COTAS DE FI MULTIMERCADO CRÉDITO PRIVADO,1176,Risco >> Crédito,3,4093625.7796132,0.91285144,3736872.19,3736872.1877410323,5.6243e-05,43802637.690000000
2025-05-02,1273,CSHG JIVE DISTRESSED ALLOCATION III FIC FIM - CP,1281,Risco >> Crédito,3,18534459.4788367,0.9404078,17429950.26,17429950.26268197,0.001402795,43802637.690000000
2025-05-02,1273,CSHG SOBERANO EXCLUSIVO FUNDO DE INVESTIMENTO EM COTAS DE FUNDO DE INVESTIMENTO RENDA FIXA REF DI,1214,Caixa,3,634513.48068,4.3335731,2749710.55,2749710.5514622177,3.1327e-05,43802637.690000000
2025-05-02,1273,LFT - 01/09/2028,1276,Caixa,1,149.0,16426.33144054,2447523.38,2447523.38464046,2.8455e-05,43802637.690000000
2025-05-02,1295,24D2962583,1355,Caixa,1,39257.000003,1146.346428237,45002121.74,45002121.73673895,4.835e-06,9196627621.590000000
2025-05-02,1295,BDIV11,1356,Risco >> Outros,3,22203.0,36.01,799530.03,799530.03,1.45e-07,9196627621.590000000
2025-05-02,1295,CRA019003V2,1323,Caixa,1,16500.0,1033.92384251,17059743.4,17059743.401415,8.89e-07,9196627621.590000000
2025-05-02,1295,CSHG CHIEFS FIA IE,1175,Risco >> Renda Variável Próprio,3,7144920.00740094,380.19013785,2716428122.54,2716428122.5409865,-0.000713347,9196627621.590000000
2025-05-02,1295,CSHG YANKEE FIC FIM IE,1203,Risco >> Multimercado Próprio,3,6535073.12332999,483.4045701,3159084213.76,3159084213.7553983,-0.000226552,9196627621.590000000
2025-05-02,1295,ELEVA EDUCAÇÃO I FUNDO DE INVESTIMENTO EM PARTICIPAÇÕES - MULTIESTRATÉGIA,1225,Risco >> Ilíquidos,3,9250.0000029,151.10462515,1397717.78,1397717.7830757033,9.1e-08,9196627621.590000000
2025-05-02,1295,FUNDO DE INVESTIMENTO EM DIREITOS CREDITÓRIOS FRADINHO,1231,Risco >> Crédito,3,51432.27777811,480.06001672,24690580.13,24690580.13010717,1.723e-06,9196627621.590000000
2025-05-02,1295,ITAÚ FLEXPREV PEDRA FIF MULT CRÉD PRIV - RESP LIMITADA,1184,Risco >> Outros,3,42493717.69,1.145789,48688834.3,48688834.29830741,1.958e-06,9196627621.590000000
2025-05-02,1295,KONDOR ALLOCATION MASTER FUNDO DE INVESTIMENTO MULTIMERCADO CRÉDITO PRIVADO INVESTIMENTO NO EXTERIOR,1187,Risco >> Multimercado Terceiros,3,264331.84227855,145.0859704,38350841.84,38350841.84460317,3.832e-06,9196627621.590000000
2025-05-02,1295,KYKLOS FUNDO DE INVESTIMENTO EM DIREITOS CREDITÓRIOS,1222,Risco >> Crédito,3,1691.14336418,1803.38241736,3049778.21,3049778.2081972514,2.86e-07,9196627621.590000000
2025-05-02,1295,LATACHE 1962 FUNDO DE INVESTIMENTO EM DIREITOS CREDITÓRIOS,1221,Risco >> Crédito,3,20500.0,1230.91247614,25233705.76,25233705.76087,1.835e-06,9196627621.590000000
2025-05-02,1295,LCA BB - 03/12/2027 A,1698,Caixa,1,185352.13195,1043.90616378,193490233.01,193490233.01236886,1.0872e-05,9196627621.590000000
2025-05-02,1295,LCA BB - 03/12/2027 B,1699,Caixa,1,217000.0,1043.43838717,226426130.02,226426130.01589,1.2723e-05,9196627621.590000000
2025-05-02,1295,LCA BB - 09/06/2025,1316,Caixa,1,75500.0,1229.20069403,92804652.4,92804652.399265,5.267e-06,9196627621.590000000
2025-05-02,1295,LCA BB - 10/09/2027,1547,Caixa,1,103000.0,1069.27076137,110134888.42,110134888.42111,6.188e-06,9196627621.590000000
2025-05-02,1295,LCA BB - 12/11/2027,1618,Caixa,1,90000.0,1051.01432194,94591288.97,94591288.9746,5.315e-06,9196627621.590000000
2025-05-02,1295,LCA BB - 14/07/2026,1322,Caixa,1,104000.0,1088.54693834,113208881.59,113208881.58736,6.393e-06,9196627621.590000000
2025-05-02,1295,LCA BB - 14/10/2027,1601,Caixa,1,93000.0,1059.16731498,98502560.29,98502560.29314,5.535e-06,9196627621.590000000
2025-05-02,1295,LCA BB - 16/09/2027,1549,Caixa,1,49500.0,1067.58018547,52845219.18,52845219.180765,2.969e-06,9196627621.590000000
2025-05-02,1295,LCA BB - 18/08/2025,1318,Caixa,1,44569.046702,1194.5518897,53240038.96,53240038.960001655,2.961e-06,9196627621.590000000
2025-05-02,1295,LCA BB - 29/10/2027,1603,Caixa,1,106409.62612,1054.05861054,112161982.66,112161982.6561281,6.302e-06,9196627621.590000000
2025-05-02,1295,LCA BB - 30/05/2025,1315,Caixa,1,13697.953581,1237.92562696,16957047.77,16957047.7748284,9.62e-07,9196627621.590000000
2025-05-02,1295,LCA SANTANDER - 09/06/2025,1344,Caixa,1,31790.23006,1237.4641196,39339269.05,39339269.05307935,2.267e-06,9196627621.590000000
2025-05-02,1295,LCA SANTANDER - 26/06/2026,1346,Caixa,1,91000.0,1096.52929803,99784166.12,99784166.12073,5.607e-06,9196627621.590000000
2025-05-02,1295,LCI BRADESCO - 12/01/2026,1328,Caixa,1,995.86987,1144.7876965,1140059.57,1140059.5744910545,6.4e-08,9196627621.590000000
2025-05-02,1295,LCI BRADESCO - 25/01/2026,1407,Caixa,1,26500.0,1140.38080794,30220091.41,30220091.41041,1.689e-06,9196627621.590000000
2025-05-02,1295,LCI BRADESCO - 27/03/2026,1842,Caixa,1,140228.56107,1123.42715549,157536573.48,157536573.48132586,8.852e-06,9196627621.590000000
2025-05-02,1295,LCI BRADESCO - 30/12/2025,1327,Caixa,1,97739.976459,1149.61932498,112363765.76,112363765.76035666,6.298e-06,9196627621.590000000
2025-05-02,1295,LCI SANTANDER - 05/12/2025,1352,Caixa,1,22000.0,1159.74175564,25514318.62,25514318.62408,1.426e-06,9196627621.590000000
2025-05-02,1295,LCI SANTANDER - 15/12/2025,1353,Caixa,1,91000.0,1155.63191835,105162504.57,105162504.56985,5.879e-06,9196627621.590000000
2025-05-02,1295,LCI SANTANDER - 18/02/2026,1621,Caixa,1,90000.0,1051.078046,94597024.14,94597024.14,4.875e-06,9196627621.590000000
2025-05-02,1295,LCI SANTANDER - 27/11/2025,1350,Caixa,1,1000.0,1162.8488781,1162848.88,1162848.8781,6.5e-08,9196627621.590000000
2025-05-02,1295,LCI SANTANDER - 28/11/2025,1351,Caixa,1,27000.0,1162.33044687,31382922.07,31382922.06549,1.754e-06,9196627621.590000000
2025-05-02,1295,LIG ITAÚ 23/08/2027,1408,Caixa,1,115509480.0,1.4055836,162358230.73,162358230.732528,9.447e-06,9196627621.590000000
2025-05-02,1295,LIG SANTANDER 02/03/2026,1537,Caixa,1,59585.0,1082.65739625,64510140.96,64510140.95555625,3.68e-06,9196627621.590000000
2025-05-02,1295,LIG SANTANDER 13/02/2026,1536,Caixa,1,71868.0,1082.65739625,77808421.75,77808421.753695,4.439e-06,9196627621.590000000
2025-05-02,1295,LIG SANTANDER 21/11/2025,1533,Caixa,1,19612.7021,1086.91651293,21317369.78,21317369.77566689,1.216e-06,9196627621.590000000
2025-05-02,1295,LIG SANTANDER 23/02/2026,1538,Caixa,1,22152.2724,1082.65739625,23983321.56,23983321.557604738,1.368e-06,9196627621.590000000
2025-05-02,1295,MULLIGAN FIM CP,1210,Risco >> Multimercado Próprio,3,99998981.55399941,1.17699849,117698650.29,117698650.29059516,-3.2906e-05,9196627621.590000000
2025-05-02,1295,NC CASH PERENNE FUNDO DE INVESTIMENTO RENDA FIXA,1213,Caixa,3,568404576.1648924,1.10775363,629652232.56,629652232.5552711,3.0701e-05,9196627621.590000000
2025-05-02,1295,NC PAR FUNDO DE INVESTIMENTO EM PARTICIPAÇÕES MULTIESTRATÉGIA,1223,Risco >> Ilíquidos,3,10561.125,13198.61682988,139392242.17,139392242.1674664,0.0,9196627621.590000000
2025-05-02,1295,PETR17,1324,Caixa,1,10000.0,1218.481048,12184810.48,12184810.48,-2.9e-08,9196627621.590000000
2025-05-02,1295,RHPBK COINVESTIMENTO - FUNDO DE INVESTIMENTO EM PARTICIPAÇÕES MULTIESTRATÉGIA,1228,Risco >> Ilíquidos,3,7514305.85,0.5607348,4213532.79,4213532.78793858,0.0,9196627621.590000000
2025-05-02,1295,RHPBK II COINVESTIMENTO - FUNDO DE INVESTIMENTO EM PARTICIPAÇÕES MULTIESTRATÉGIA,1227,Risco >> Ilíquidos,3,3000000.0,0.3856707,1157012.1,1157012.1,0.0,9196627621.590000000
2025-05-02,1295,YANKEE-F FIM IE,1234,Risco >> Multimercado Próprio,3,0.0,3.56004303,0.0,0.0,0.0,9196627621.590000000
2025-05-02,1296,BRL,1,Caixa,7,0.01,1.0,0.01,0.01,0.0,847594796.500000000
2025-05-02,1296,CRA019003V2,1323,Caixa,1,4000.0,1033.92384251,4135695.37,4135695.37004,2.326e-06,847594796.500000000
2025-05-02,1296,CSHG GIANTS FIC FIM IE,1205,Risco >> Multimercado Próprio,3,556266.62888,591.7711635,329182550.19,329182550.1885403,-0.000471653,847594796.500000000
2025-05-02,1296,CSHG LOGAN FIA IE,1208,Risco >> Renda Variável Próprio,3,280433075.392723,1.1803153,330999449.51,330999449.5120845,-0.005648121,847594796.500000000
2025-05-02,1296,ELEVA EDUCAÇÃO I FUNDO DE INVESTIMENTO EM PARTICIPAÇÕES - MULTIESTRATÉGIA,1225,Risco >> Ilíquidos,3,1500.00000399,151.10462515,226656.94,226656.93832790747,1.59e-07,847594796.500000000
2025-05-02,1296,LCA BB - 09/07/2026,1321,Caixa,1,15500.0,1087.61465044,16858027.08,16858027.08182,1.0172e-05,847594796.500000000
2025-05-02,1296,LCA BB - 29/10/2027,1603,Caixa,1,10000.0,1054.05861054,10540586.11,10540586.1054,6.393e-06,847594796.500000000
2025-05-02,1296,LCA BB - 30/05/2025,1315,Caixa,1,8365.903726,1237.92562696,10356366.62,10356366.61509555,6.345e-06,847594796.500000000
2025-05-02,1296,LCA SANTANDER - 26/06/2026,1346,Caixa,1,11500.0,1096.52929803,12610086.93,12610086.927345,7.648e-06,847594796.500000000
2025-05-02,1296,LCA SANTANDER - 30/10/2025,1345,Caixa,1,1000.0,1170.38167276,1170381.67,1170381.67276,6.99e-07,847594796.500000000
2025-05-02,1296,LCI BRADESCO - 12/01/2026,1328,Caixa,1,241.423,1144.7876965,276378.08,276378.0800521195,1.67e-07,847594796.500000000
2025-05-02,1296,LCI BRADESCO - 27/03/2026,1842,Caixa,1,21557.14027,1123.42715549,24217876.77,24217876.77402503,1.4688e-05,847594796.500000000
2025-05-02,1296,LCI BRADESCO - 30/12/2025,1327,Caixa,1,5495.159275,1149.61932498,6317341.3,6317341.296383087,3.822e-06,847594796.500000000
2025-05-02,1296,LCI CEF - 30/09/2026,1576,Caixa,1,5000.0,1064.28979696,5321448.98,5321448.9848,3.211e-06,847594796.500000000
2025-05-02,1296,LCI SANTANDER - 18/02/2026,1621,Caixa,1,13000.0,1051.078046,13664014.6,13664014.598,7.601e-06,847594796.500000000
2025-05-02,1296,LCI SANTANDER - 27/10/2025,1348,Caixa,1,4835.3736,1171.99264456,5667022.29,5667022.292899608,3.385e-06,847594796.500000000
2025-05-02,1296,LIG SANTANDER 21/11/2025,1533,Caixa,1,8299.999014,1086.91651293,9021405.99,9021405.985619318,5.555e-06,847594796.500000000
2025-05-02,1296,NC CASH PERENNE FUNDO DE INVESTIMENTO RENDA FIXA,1213,Caixa,3,35805198.39317053,1.10775363,39663338.49,39663338.49290482,2.0874e-05,847594796.500000000
2025-05-02,1296,NC PAR FUNDO DE INVESTIMENTO EM PARTICIPAÇÕES MULTIESTRATÉGIA,1223,Risco >> Ilíquidos,3,1760.1875,13198.61682988,23232040.36,23232040.361244403,0.0,847594796.500000000
2025-05-02,1296,PETR17,1324,Caixa,1,2500.0,1218.481048,3046202.62,3046202.62,-7.8e-08,847594796.500000000
2025-05-02,1296,RHPBK COINVESTIMENTO - FUNDO DE INVESTIMENTO EM PARTICIPAÇÕES MULTIESTRATÉGIA,1228,Risco >> Ilíquidos,3,1252385.07,0.5607348,702255.89,702255.891749436,0.0,847594796.500000000
2025-05-02,1296,RHPBK II COINVESTIMENTO - FUNDO DE INVESTIMENTO EM PARTICIPAÇÕES MULTIESTRATÉGIA,1227,Risco >> Ilíquidos,3,1000000.0,0.3856707,385670.7,385670.7,0.0,847594796.500000000
2025-05-02,1297,AZIMUT CART 3,1479,Risco >> Outros,3,41889183.97902376,1.14906077,48133218.0,48133217.99760871,0.0,1092132737.610000000
2025-05-02,1297,BRL,1,Caixa,7,217143055.33,1.0,217143055.33,217143055.33,0.0,1092132737.610000000
2025-05-02,1297,CRA019003V2,1323,Caixa,1,4000.0,1033.92384251,4135695.37,4135695.37004,1.808e-06,1092132737.610000000
2025-05-02,1297,CSHG LIONS FIC FIM IE,1204,Risco >> Multimercado Próprio,3,614797.43436458,507.3999212,311948169.75,311948169.7505501,-0.000351275,1092132737.610000000
2025-05-02,1297,CSHG WARRIORS FIA IE,1209,Risco >> Renda Variável Próprio,3,327026527.25313,1.18105704,386236982.28,386236982.279061,-0.004308247,1092132737.610000000
2025-05-02,1297,Compromissada - 28/02/2025,1733,Caixa,1,-8114.306292,-0.413418528,3354.6,3354.604562979778,0.0,1092132737.610000000
2025-05-02,1297,ELEVA EDUCAÇÃO I FUNDO DE INVESTIMENTO EM PARTICIPAÇÕES - MULTIESTRATÉGIA,1225,Risco >> Ilíquidos,3,1500.00000399,151.10462515,226656.94,226656.93832790747,1.23e-07,1092132737.610000000
2025-05-02,1297,HONEY ISLAND BY 4UM FUNDO DE INVESTIMENTO EM PARTICIPAÇÕES MULTIESTRATÉGIA,1229,Risco >> Ilíquidos,3,28159.26977736,99.09311161,2790389.66,2790389.6629040344,0.0,1092132737.610000000
2025-05-02,1297,LCA BB - 09/07/2026,1321,Caixa,1,11500.0,1087.61465044,12507568.48,12507568.48006,5.866e-06,1092132737.610000000
2025-05-02,1297,LCA SANTANDER - 26/06/2026,1346,Caixa,1,4500.0,1096.52929803,4934381.84,4934381.841135,2.326e-06,1092132737.610000000
2025-05-02,1297,LCI BRADESCO - 27/03/2026,1842,Caixa,1,20057.14027,1123.42715549,22532736.04,22532736.04079003,1.0621e-05,1092132737.610000000
2025-05-02,1297,LCI SANTANDER - 27/10/2025,1348,Caixa,1,11210.497313,1171.99264456,13138620.39,13138620.392695645,6.099e-06,1092132737.610000000
2025-05-02,1297,LCI SANTANDER - 31/10/2025,1349,Caixa,1,8317.09985,1169.30892195,9725259.06,9725259.059354007,4.514e-06,1092132737.610000000
2025-05-02,1297,LIG SANTANDER 21/11/2025,1533,Caixa,1,11312.70309,1086.91651293,12295963.79,12295963.794395236,5.884e-06,1092132737.610000000
2025-05-02,1297,NC CASH PERENNE FUNDO DE INVESTIMENTO RENDA FIXA,1213,Caixa,3,3961982.43817193,1.10775363,4388900.43,4388900.427881206,1.795e-06,1092132737.610000000
2025-05-02,1297,NC PAR FUNDO DE INVESTIMENTO EM PARTICIPAÇÕES MULTIESTRATÉGIA,1223,Risco >> Ilíquidos,3,1760.1875,13198.61682988,23232040.36,23232040.361244403,0.0,1092132737.610000000
2025-05-02,1297,PETR17,1324,Caixa,1,2500.0,1218.481048,3046202.62,3046202.62,-6e-08,1092132737.610000000
2025-05-02,1297,RHPBK COINVESTIMENTO - FUNDO DE INVESTIMENTO EM PARTICIPAÇÕES MULTIESTRATÉGIA,1228,Risco >> Ilíquidos,3,1252385.07,0.5607348,702255.89,702255.891749436,0.0,1092132737.610000000
2025-05-02,1297,RHPBK II COINVESTIMENTO - FUNDO DE INVESTIMENTO EM PARTICIPAÇÕES MULTIESTRATÉGIA,1227,Risco >> Ilíquidos,3,1000000.0,0.3856707,385670.7,385670.7,0.0,1092132737.610000000
2025-05-02,1297,TEMAN PIER FUNDO DE INVESTIMENTO EM PARTICIPAÇÕES MULTIESTRATÉGIA,1230,Risco >> Ilíquidos,3,4950005.04004525,1.68759254,8353591.58,8353591.578542765,0.0,1092132737.610000000
2025-05-02,1297,TERRA XP PREVIDENCIÁRIO QUALIFICADO FUNDO DE INVESTIMENTO MULTIMERCADO CRÉDITO PRIVADO,1237,Risco >> Outros,3,4517892.90023145,1.38826321,6272024.5,6272024.500111522,2.5587e-05,1092132737.610000000
2025-05-02,1517,Flex knock_in_up_and_in 15 None,1776,Risco >> Renda Variável Próprio,15,-12600000.0,0.04243198226190476,-534642.98,-534642.9765,-0.000141577,1033206725.470000000
2025-05-02,1517,HYPE3,118,Risco >> Renda Variável Próprio,2,43398400.0,22.97,996861248.0,996861248.0,-0.04607213,1033206725.470000000
2025-05-02,1517,TESOURO SELIC FI RF,1215,Caixa,3,2771741.37981185,4.72324135,13091603.49,13091603.496633386,6.136e-06,1033206725.470000000
2025-05-02,1607,BRL,1,Caixa,7,0.04,1.0,0.04,0.04,0.0,165274063.630000000
2025-05-02,1607,COWBOYS FUNDO DE INVESTIMENTO EM AÇÕES,1202,Risco >> Renda Variável Próprio,3,114173337.82797,1.13647111,129754699.97,129754699.97375806,0.006597196,165274063.630000000
2025-05-02,1607,CSHG BRONCOS FIM,1247,Risco >> Renda Variável Terceiros,3,6844971.07965185,1.2051433,8249171.04,8249171.035336194,0.000311129,165274063.630000000
2025-05-02,1607,Repo (LTN  - 01/01/2026),1589,Caixa,16,582.0,0.0,0.0,0.0,0.0,165274063.630000000
2025-05-02,1607,Repo (LTN  - 01/01/2030),1486,Caixa,16,0.0,533.71504979,0.0,0.0,6.082e-06,165274063.630000000
2025-05-02,1607,Repo (NTN-B - 15/05/2033),1376,Caixa,16,458.0,4146.19681232,1898958.14,1898958.14004256,0.0,165274063.630000000
2025-05-02,1607,VERDE AM MUNDI AÇÕES GLOBAIS FIF CIC DE AÇÕES RESP LIMITADA,1626,Risco >> Multimercado Terceiros,3,1131352.70808786,7.6561814,8661841.56,8661841.560501903,0.001327209,165274063.630000000
2025-05-02,1607,WHG LONG BIASED PERENNE FUNDO DE INVESTIMENTO FINANCEIRO - CLASSE DE INVESTIMENTO EM COTAS DE AÇÕES,1198,Risco >> Renda Variável Terceiros,3,14183485.53837498,1.1783353,16712901.69,16712901.686906744,0.000680866,165274063.630000000
2025-05-02,1608,BRL,1,Caixa,7,162866509.14,1.0,162866509.14,162866509.14,0.0,176833229.280000000
2025-05-02,1608,COWBOYS FUNDO DE INVESTIMENTO EM AÇÕES,1202,Risco >> Renda Variável Próprio,3,119886096.80173,1.13647111,136247085.51,136247085.50582954,0.006474041,176833229.280000000
2025-05-02,1608,CSHG BRONCOS FIM,1247,Risco >> Renda Variável Terceiros,3,9363184.49791331,1.2051433,11283979.06,11283979.06432409,0.000397745,176833229.280000000
2025-05-02,1608,Repo (LTN  - 01/01/2026),1589,Caixa,16,582.0,0.0,0.0,0.0,0.0,176833229.280000000
2025-05-02,1608,Repo (NTN-B - 15/05/2033),1376,Caixa,16,293.0,4150.44194549,1216079.49,1216079.49002857,0.0,176833229.280000000
2025-05-02,1608,Repo (NTN-F - 01/01/2035),1436,Caixa,16,0.0,803.22291285,0.0,0.0,3.64e-06,176833229.280000000
2025-05-02,1608,VERDE AM MUNDI AÇÕES GLOBAIS FIF CIC DE AÇÕES RESP LIMITADA,1626,Risco >> Multimercado Terceiros,3,1131352.70808786,7.6561814,8661841.56,8661841.560501903,0.00124037,176833229.280000000
2025-05-02,1608,WHG LONG BIASED PERENNE FUNDO DE INVESTIMENTO FINANCEIRO - CLASSE DE INVESTIMENTO EM COTAS DE AÇÕES,1198,Risco >> Renda Variável Terceiros,3,16497431.79088095,1.1783353,19439506.24,19439506.23853724,0.000740129,176833229.280000000
2025-05-02,1676,ELEVA EDUCAÇÃO III FUNDO DE INVESTIMENTO EM PARTICIPAÇÕES - MULTIESTRATÉGIA,1224,Padrão,3,14813.45931,890.42359521,13190253.7,13190253.696307246,6.456e-06,18273717.110000000
2025-05-02,1676,FUNDO DE INVESTIMENTO EM PARTICIPAÇÕES MISSION 1 MULTIESTRATÉGIA,1833,Caixa,3,2227500.0,0.94202427,2098359.06,2098359.061425,-4.067e-06,18273717.110000000
2025-05-02,1676,GERA GROWTH FIP MULT,1712,Padrão,3,10.0,140.82555797,1408.26,1408.2555797,-4.218e-06,18273717.110000000
2025-05-02,1676,TESOURO SELIC FI RF,1215,Caixa,3,634068.21361621,4.72324135,2994857.21,2994857.205272716,8.3239e-05,18273717.110000000
2025-05-02,1693,ASTRABET FIP MULTIESTRATÉGIA RESPONSABILIDADE LIMITADA,1749,Padrão,3,2484000.0,0.61137641,1518659.0,1518659.00244,-0.000290335,5428101.820000000
2025-05-02,1693,BRL,1,Caixa,7,-967130.18,1.0,-967130.18,-967130.18,0.0,5428101.820000000
2025-05-02,1693,TESOURO SELIC FI RF,1215,Caixa,3,1035062.96235816,4.72324135,4888852.18,4888852.1836635545,0.000467148,5428101.820000000
2025-05-02,1694,ASTRABET FIP MULTIESTRATÉGIA RESPONSABILIDADE LIMITADA,1749,Padrão,3,920000.0,0.61137641,562466.3,562466.2972,-3.6489e-05,16015802.290000000
2025-05-02,1694,BRL,1,Caixa,7,1188874.25,1.0,1188874.25,1188874.25,0.0,16015802.290000000
2025-05-02,1694,CHARGERS FUNDO DE INVESTIMENTO EM PARTICIPAÇÕES CAPITAL SEMENTE,1220,Padrão,3,6100.0,972.30265423,5931046.19,5931046.190803,0.0,16015802.290000000
2025-05-02,1694,ELEVA EDUCAÇÃO III FUNDO DE INVESTIMENTO EM PARTICIPAÇÕES - MULTIESTRATÉGIA,1224,Padrão,3,4095.978117,890.42359521,3647155.56,3647155.5608406262,2.035e-06,16015802.290000000
2025-05-02,1694,Repo (LFT - 01/06/2031),1848,Caixa,16,0.0,16219.66397166,0.0,0.0,6.9563e-05,16015802.290000000
2025-05-02,1694,Repo (NTN-B - 15/08/2060),1442,Caixa,16,580.0,3663.40686216,2124775.98,2124775.9800528,0.0,16015802.290000000
2025-05-02,1694,TEMAN PIER FUNDO DE INVESTIMENTO EM PARTICIPAÇÕES MULTIESTRATÉGIA,1230,Padrão,3,1525247.31333,1.68759254,2573995.99,2573995.9876307505,0.0,16015802.290000000
2025-05-02,1695,ASSAY FI EM AÇÕES BDR NÍVEL I INVESTIMENTO NO EXTERIOR,1194,Risco >> Renda Variável Próprio,3,207269477.03921226,1.29859036,269158144.81,269158144.80536234,0.000899315,463313132.930000000
2025-05-02,1695,BRL,1,Caixa,7,7129257.13,1.0,7129257.13,7129257.13,0.0,463313132.930000000
2025-05-02,1695,CSHG BRONCOS FIM,1247,Risco >> Renda Variável Terceiros,3,155200681.77182877,1.2051433,187039061.79,187039061.79275155,0.002502714,463313132.930000000
2025-05-02,1875,GIANTS-F FIM IE,1233,Risco >> Multimercado Próprio,3,342243.17371201,269.92756392,92380866.15,92380866.14833224,0.000300433,97974888.730000000
2025-05-02,1875,LIONS-F FIM IE,1232,Risco >> Multimercado Próprio,3,206056.89643697,4.86530829,1002530.33,1002530.3264464616,-1.475e-06,97974888.730000000
2025-05-02,1875,YANKEE-F FIM IE,1234,Risco >> Multimercado Próprio,3,1289729.42504843,3.56004303,4591492.25,4591492.250229571,-3e-08,97974888.730000000
2025-05-02,1886,BRL,1,Caixa,7,165.72,1.0,165.72,165.72,0.0,298907676.060000000
2025-05-02,1886,CSHG ALLOCATION ACE CAPITAL W FUNDO DE INVESTIMENTO EM COTAS DE FUNDOS DE INVESTIMENTO MULTIMERCADO,1200,Padrão,3,2612496.74921,1.6008189,4182134.17,4182134.172323928,-3.1932e-05,298907676.060000000
2025-05-02,1886,CSHG SOBERANO EXCLUSIVO FUNDO DE INVESTIMENTO EM COTAS DE FUNDO DE INVESTIMENTO RENDA FIXA REF DI,1214,Caixa,3,16224685.25377,4.3335731,70310859.57,70310859.57170434,0.000116913,298907676.060000000
2025-05-02,1886,GENOA CAPITAL VESTAS III FUNDO DE INVESTIMENTO EM COTAS DE FUNDO DE INVESTIMENTO MULTIMERCADO,1264,Risco >> Multimercado Terceiros,3,66278628.42875,1.36112417,90213443.11,90213443.10882075,-0.000525003,298907676.060000000
2025-05-02,1886,IBIUNA HEDGE ST PLUS FUNDO DE INVESTIMENTO EM COTAS DE FUNDO DE INVESTIMENTO FINANCEIRO MULT,1199,Padrão,3,469082.29587,108.3376561,50819276.45,50819276.45256251,-0.002478553,298907676.060000000
2025-05-02,1886,ITAÚ JANEIRO DISTRIBUIDORES FIF DA CLASSE DE INV EM COTAS MULTIMERCADO - RESPONSABILIDADE LIMITADA,1196,Risco >> Multimercado Terceiros,3,16572388.42001,1.254664,20792779.14,20792779.144603427,0.000236995,298907676.060000000
2025-05-02,1886,KAPITALO ZETA KPN FUNDO DE INVESTIMENTO EM COTAS DE FUNDOS DE INVESTIMENTO MULTIMERCADO,1197,Padrão,3,20816738.71864,1.1990966,24961280.62,24961280.62060958,-0.000113182,298907676.060000000
2025-05-02,1886,LEGACY CAPITAL ALPHA FUNDO DE INVESTIMENTO EM COTAS DE FUNDO DE INVESTIMENTO MULTIMERCADO,1265,Risco >> Multimercado Terceiros,3,34982236.357,1.07568235,37629774.21,37629774.2127532,0.000148963,298907676.060000000
