date,portfolio_id,profitability_in_day,profitability_in_month,profitability_in_year
2025-06-03,1203,0.0011995026,0.0004483481,0.0670167328
2025-05-21,1517,-0.0402807052,-0.0189352300,0.3206013676
2025-06-06,1234,-0.0599939900,-0.2405101722,-0.9906984592
2025-05-22,1517,0.0195815270,0.0002755162,0.3464607590
2025-06-06,1232,0.0000129366,0.0000624817,-0.9799453004
2025-05-28,1203,-0.0008678345,0.0091042299,0.0678817865
2025-06-18,1886,-0.0001040999,0.0109011279,0.0150965372
2025-06-25,1206,0.0035386761,0.0195993861,0.0636497282
2025-05-29,1203,0.0004798774,0.0095884762,0.0683942388
2025-05-23,1517,0.0098678189,0.0101460539,0.3597473900
2025-06-03,1210,0.0009521242,-0.0005072601,0.0899699223
2025-06-04,1210,0.0018116703,0.0013034911,0.0919445884
2025-05-30,1203,-0.0017368931,0.0078349289,0.0665385522
2025-05-15,1695,0.0031943249,0.0269665859,0.0709648043
2025-05-30,1210,-0.0005499925,0.0149172496,0.0905231012
2025-05-26,1695,-0.0022137019,0.0264837520,0.0704612844
2025-05-09,1886,-0.0002357201,0.0004830121,0.0024692620
2025-06-05,1210,-0.0043133411,-0.0030154723,0.0872346589
2025-06-17,1210,-0.0012496829,-0.0015884956,0.0887908100
2025-04-30,1676,0.0006327263,0.0028019550,
2025-05-02,1693,-0.0018754979,-0.0018754979,
2025-05-09,1211,0.0018521419,0.0061776249,0.0811694076
2025-05-23,1273,0.0008682121,0.0070874649,0.0313989213
2025-05-27,1517,0.0185076013,0.0588227719,0.4252706279
2025-06-06,1157,0.0006051663,0.0007227380,0.1023052490
2025-05-29,1204,0.0003740774,0.0109574766,0.0514029962
2025-06-25,1205,0.0004579866,0.0125175827,0.0641234356
2025-05-16,1157,0.0009452934,0.0040214964,0.1002412766
2025-06-20,1694,0.0004448208,0.0019871998,
2025-06-23,1694,0E-10,0.0019871998,
2025-06-20,1233,0.0001523910,0.0018631735,-0.3344125250
2025-06-17,1234,-0.1043116034,-0.5828057547,-0.9948905842
2025-06-11,1206,0.0028428839,0.0080953228,0.0516486482
2025-06-17,1233,0.0001528363,0.0015568518,-0.3346160297
2025-05-29,1205,-0.0000904814,0.0106318054,0.0511004977
2025-05-16,1175,0.0017568413,0.0336526420,0.1535802205
2025-06-10,1208,0.0128952834,0.0174434169,0.1536119338
2025-05-12,1211,-0.0013774310,0.0047916846,0.0796801713
2025-06-16,1875,,,
2025-06-25,1210,-0.0010753196,0.0032644641,0.0940830748
2025-06-05,1232,0.0000123794,0.0000495445,-0.9799455599
2025-05-29,1175,0.0019261436,0.0420684492,0.1629724557
2025-05-30,1882,0.0014797008,0.0311155202,0.0311155202
2025-06-18,1676,0.0000049643,0.0004037914,
2025-06-25,1296,-0.0028843378,0.0373205057,-0.0452121199
2025-05-08,1211,0.0034549301,0.0043174864,0.0791706304
2025-06-06,1209,-0.0058264613,0.0038089692,0.1202680705
2025-06-11,1875,,,
2025-06-09,1209,-0.0009271494,0.0028782883,0.1192294146
2025-05-29,1676,0.0000477983,0.0020163869,
2025-05-05,1517,-0.0083670831,-0.0541878437,0.2731481807
2025-05-20,1517,-0.0117055114,0.0222413733,0.3760287772
2025-05-08,1270,0.0002526181,0.0108571436,0.0190025623
2025-06-03,1175,0.0048048429,0.0056008619,0.1673125515
2025-06-13,1232,0.0000126767,0.0001252617,-0.9799440415
2025-05-13,1607,-0.0064930257,0.0194406887,-0.0360583661
2025-05-19,1607,-0.0025618064,0.0325923507,-0.0236226896
2025-05-27,1693,0.0012136156,-0.0523500899,
2025-06-02,1204,-0.0084042210,-0.0084042210,0.0424685905
2025-06-24,1205,0.0026549402,0.0120540755,0.0636363044
2025-05-07,1208,-0.0045912525,-0.0144166217,0.0755359204
2025-06-03,1676,0.0000643090,0.0000245807,
2025-06-04,1886,0.0023895286,0.0070437132,0.0112231135
2025-05-29,1695,0.0013008383,0.0336112624,0.0778941580
2025-05-27,1608,0.0041259006,0.0347043212,-0.0052180628
2025-05-29,1608,-0.0045703713,0.0331663941,-0.0066966515
2025-06-20,1232,0.0000120469,0.0001748925,-0.9799430462
2025-06-24,1232,0.0000115778,0.0001987332,-0.9799425681
2025-06-06,1203,0.0009589613,0.0008307350,0.0674245631
2025-06-23,1203,0.0006247554,0.0069664753,0.0739685668
2025-05-28,1695,-0.0024911801,0.0322684480,0.0764938135
2025-06-02,1608,0.0001782747,0.0001782747,0.0009483712
2025-06-02,1232,0.0000121434,0.0000121434,-0.9799463099
2025-06-24,1233,0.0001529038,0.0021702760,-0.3342085015
2025-06-17,1232,0.0000126352,0.0001505892,-0.9799435336
2025-05-30,1608,0.0075169491,0.0409326533,0.0007699592
2025-05-12,1608,0.0195765614,0.0260575107,-0.0135312502
2025-06-18,1875,,,
2025-06-02,1206,0.0009653298,0.0009653298,0.0442106140
2025-05-22,1204,0.0016273470,0.0073954890,0.0476985037
2025-06-16,1273,0.0004471922,0.0051378144,0.0387469265
2025-06-06,1204,-0.0008289809,0.0025213558,0.0539546930
2025-06-12,1209,0.0104367701,0.0259243899,0.1449492603
2025-06-11,1695,-0.0000166087,0.0036897894,0.0805168161
2025-06-16,1209,0.0087522760,0.0358702866,0.1560490520
2025-06-05,1203,-0.0013868046,-0.0001281035,0.0664019249
2025-06-03,1886,0.0036032180,0.0046430898,0.0088125271
2025-05-23,1211,0.0000935680,0.0059055697,0.0808770757
2025-06-06,1886,-0.0043315724,0.0046443260,0.0088137685
2025-06-13,1273,0.0012338736,0.0046885254,0.0382826145
2025-06-24,1270,0.0062765623,0.0035927504,0.0600791777
2025-05-26,1203,0.0003214446,0.0068142287,0.0654583991
2025-06-09,1203,0.0010943795,0.0019260236,0.0685927307
2025-06-10,1203,0.0004245693,0.0023514107,0.0690464224
2025-06-11,1203,0.0007611636,0.0031143642,0.0698601418
2025-06-20,1210,0.0017845606,0.0009767958,0.0915883197
2025-05-27,1273,0.0015397521,0.0087550529,0.0331067655
2025-06-25,1157,0.0000066557,0.0096959012,0.1121892703
2025-06-09,1676,0.0002075127,0.0004300199,
2025-06-13,1694,0.0002454021,0.0012640062,
2025-05-02,1676,0.0000536464,0.0000536464,
2025-06-10,1296,0.0053729273,0.0283724170,-0.0534482693
2025-05-16,1211,0.0030701370,0.0068523397,0.0818944098
2025-05-30,1695,-0.0012520382,0.0323171415,0.0765445932
2025-06-24,1607,0.0103395312,-0.0086977242,-0.0249879931
2025-05-29,1296,0.0001835934,0.0207877954,-0.0810687781
2025-05-20,1211,-0.0010527155,0.0084474502,0.0836084060
2025-06-25,1175,-0.0099766494,0.0138155610,0.1768482647
2025-06-04,1882,-0.0011995423,-0.0182477233,0.0123000094
2025-06-11,1273,0.0008359926,0.0030037306,0.0365414847
2025-06-25,1693,0.0120894349,0.1492844744,
2025-05-12,1270,0.0108616260,0.0212406803,0.0294697688
2025-06-02,1175,0.0007922125,0.0007922125,0.1617306183
2025-06-23,1234,-0.1527559777,-0.7289533141,-0.9966804666
2025-06-20,1296,-0.0013313203,0.0334957545,-0.0487325613
2025-06-24,1234,-0.1795875699,-0.7776299297,-0.9972766135
2025-06-09,1875,,,
2025-06-12,1297,0.0042493327,0.0145755061,0.1090523404
2025-05-05,1693,0.0003286154,-0.0015474988,
2025-05-23,1295,0.0017666990,0.0136078316,0.1176216215
2025-06-23,1232,0.0000122585,0.0001871532,-0.9799428003
2025-05-26,1295,0.0029870727,0.0166355519,0.1209600386
2025-05-27,1295,0.0042351016,0.0209411068,0.1257074183
2025-05-26,1270,0.0001363215,0.0404819397,0.0488660730
2025-05-09,1608,-0.0035963918,0.0063565106,-0.0324721192
2025-05-06,1270,0.0006559838,0.0105439240,0.0186868188
2025-05-28,1295,-0.0020237968,0.0188749294,0.1234292152
2025-06-11,1232,0.0000130183,0.0001001110,-0.9799445458
2025-05-29,1295,0.0008498025,0.0197407720,0.1243839082
2025-06-18,1234,-0.1169686025,-0.6316043826,-0.9954882254
2025-06-23,1886,0.0026921181,0.0160187711,0.0202354194
2025-05-30,1295,0.0048565229,0.0246931664,0.1298445045
2025-06-03,1205,0.0013596566,-0.0070870322,0.0435196154
2025-05-15,1273,-0.0005589245,0.0062704425,0.0305621757
2025-06-16,1270,0.0013109498,0.0054509760,0.0620419920
2025-06-20,1208,-0.0042263053,0.0259772937,0.1632879334
2025-06-23,1233,0.0001536041,0.0020170638,-0.3343102880
2025-06-18,1270,0.0031079135,0.0077881458,0.0645107076
2025-06-02,1517,0.0000097028,0.0000097028,0.4072817768
2025-06-23,1270,-0.0006979849,-0.0026670718,0.0534670262
2025-05-02,1608,0.0088529988,0.0088529988,-0.0300719540
2025-06-10,1517,0.0247210949,0.0484453883,0.4754437729
2025-06-10,1211,0.0003528357,0.0005680207,0.0839045036
2025-05-05,1608,0.0016714215,0.0105392174,-0.0284507953
2025-05-30,1270,0.0008799425,0.0478407818,0.0562842121
2025-06-03,1517,0.0135600995,0.0135699339,0.4263646577
2025-06-04,1270,0.0031961930,0.0058106543,0.0624219145
2025-05-28,1517,-0.0158897230,0.0419983713,0.4026234723
2025-06-05,1270,-0.0016452897,0.0041558043,0.0606739226
2025-05-20,1209,-0.0022374956,0.0237505441,0.1067836564
2025-06-04,1517,0.0238245913,0.0377178234,0.4603472128
2025-05-26,1209,0.0128838552,0.0262845947,0.1095232357
2025-06-09,1517,-0.0022513594,0.0231519518,0.4398491260
2025-06-12,1270,0.0011784630,0.0078738945,0.0646012827
2025-06-05,1517,0.0033261192,0.0411693966,0.4652045017
2025-06-23,1273,-0.0006922757,0.0047154914,0.0383104822
2025-06-03,1206,0.0021575582,0.0031249708,0.0464635592
2025-06-13,1676,0.0000258707,0.0003064695,
2025-05-13,1517,0.0115122612,-0.0312122349,0.3040754154
2025-05-28,1270,0.0002359791,0.0467859826,0.0552209135
2025-06-06,1206,-0.0024947485,0.0037113006,0.0470752206
2025-06-18,1517,-0.0037996639,0.0906041314,0.5347724281
2025-06-02,1210,-0.0014579962,-0.0014579962,0.0889331226
2025-06-10,1204,0.0006513742,0.0044020520,0.0559318764
2025-05-23,1875,,,
2025-06-24,1875,,,
2025-05-30,1676,-0.0007401226,0.0012747718,
2025-06-24,1693,0.0123421114,0.1355562411,
2025-05-08,1676,0.0013354576,0.0014439083,
2025-06-23,1695,-0.0024558242,0.0068413489,0.0839096105
2025-06-23,1875,,,
2025-06-23,1693,0.0123651621,0.1217119472,
2025-05-09,1676,0.0000764259,0.0015204446,
2025-05-12,1676,0.0000145760,0.0015350428,
2025-05-05,1270,-0.0022835228,0.0098814581,0.0180190147
2025-06-06,1297,-0.0022866758,0.0051229120,0.0987195248
2025-06-17,1607,-0.0016557316,-0.0165913298,-0.0327518815
2025-04-30,1270,-0.0009122297,0.0094153798,0.0080579325
2025-05-23,1607,0.0007987180,0.0244719923,-0.0313009701
2025-05-16,1204,0.0020824268,0.0074076832,0.0477111858
2025-05-23,1233,0.0001442463,0.0035549597,-0.3361207104
2025-06-03,1608,-0.0030994232,-0.0029217010,-0.0021539913
2025-06-24,1210,0.0026622586,0.0043444555,0.0952608303
2025-06-09,1204,0.0012237948,0.0037482363,0.0552445173
2025-05-02,1209,-0.0120895217,-0.0120895217,0.0680367182
2025-05-22,1676,0.0002185041,-0.0009788453,
2025-06-24,1273,-0.0014950020,0.0032134397,0.0367582059
2025-06-17,1206,-0.0022551138,0.0090664818,0.0526617648
2025-06-11,1208,0.0011080873,0.0185708331,0.1548902366
2025-06-05,1204,-0.0002938584,0.0033531164,0.0548291263
2025-06-05,1882,-0.0036101547,-0.0217920010,0.0086454497
2025-06-06,1882,-0.0027228692,-0.0244555335,0.0058990400
2025-05-22,1270,0.0037482478,0.0426542241,0.0510558615
2025-06-17,1273,0.0000256691,0.0051636154,0.0387735903
2025-05-13,1270,0.0021499474,0.0234362941,0.0316830747
2025-05-16,1270,0.0022538109,0.0380911024,0.0464559705
2025-05-30,1208,0.0028158420,0.0390056878,0.1338339947
2025-06-09,1608,-0.0001914826,-0.0102594152,-0.0094973553
2025-05-16,1296,0.0027732411,0.0160443649,-0.0853388981
2025-05-15,1270,0.0032825186,0.0357567026,0.0441027602
2025-06-02,1205,-0.0084352198,-0.0084352198,0.0421027135
2025-06-23,1607,-0.0001352213,-0.0188424335,-0.0349659924
2025-06-23,1882,0E-10,-0.0213533243,0.0090977760
2025-04-30,1875,,,
2025-05-06,1875,,,
2025-05-07,1875,,,
2025-05-09,1875,,,
2025-05-14,1875,,,
2025-05-15,1875,,,
2025-05-16,1875,,,
2025-05-19,1875,,,
2025-05-27,1270,0.0058214191,0.0465390213,0.0549719621
2025-06-13,1209,0.0009341191,0.0268827255,0.1460187792
2025-06-11,1296,0.0009873449,0.0293877753,-0.0525136962
2025-06-05,1607,-0.0087850245,-0.0100639651,-0.0263317822
2025-06-16,1203,0.0004744633,0.0052749690,0.0721645101
2025-06-03,1882,0.0038035711,-0.0170686555,0.0135157645
2025-05-28,1232,0.0000122816,-0.0007040779,-0.9799470313
2025-06-12,1233,0.0001027484,0.0010980283,-0.3349208489
2025-06-24,1203,0.0011535877,0.0081280996,0.0752074838
2025-06-20,1295,-0.0021586335,0.0108993406,0.1421590646
2025-05-21,1875,,,
2025-05-19,1208,0.0008164358,0.0309801592,0.1250759895
2025-05-20,1208,-0.0028634806,0.0280279675,0.1218543562
2025-05-21,1208,-0.0224054739,0.0049945136,0.0967186776
2025-05-22,1208,0.0070833622,0.0121132538,0.1044871333
2025-06-23,1157,0.0016477381,0.0096830416,0.1121751053
2025-06-02,1607,0.0000172191,0.0000172191,-0.0164162641
2025-06-06,1270,0.0011304803,0.0052909826,0.0618729936
2025-05-26,1875,,,
2025-06-20,1209,-0.0045599268,0.0200014396,0.1383391459
2025-05-28,1875,,,
2025-05-29,1875,,,
2025-06-17,1157,0.0007577432,0.0096624913,0.1121524690
2025-06-06,1296,-0.0027407846,0.0226701795,-0.0586968180
2025-05-16,1607,0.0019780587,0.0352444466,-0.0211149757
2025-06-18,1273,-0.0000903342,0.0050728147,0.0386797534
2025-05-09,1297,0.0006850450,-0.0038108710,0.0657457406
2025-05-05,1205,-0.0012891799,-0.0025079125,0.0374346265
2025-05-13,1157,0.0002729952,0.0020009446,0.0980270864
2025-06-20,1204,0.0007398878,0.0074367893,0.0591223078
2025-05-27,1695,0.0081469238,0.0348464369,0.0791822510
2025-06-25,1234,-0.2154112237,-0.8255309387,-0.9978632615
2025-05-26,1208,0.0143069456,0.0310797843,0.1251847072
2025-05-27,1208,0.0094867635,0.0408613944,0.1358590685
2025-05-23,1270,-0.0022194367,0.0403401190,0.0487231095
2025-05-16,1208,0.0046382726,0.0301391167,0.1241581865
2025-05-15,1204,0.0003077215,0.0053141900,0.0455339379
2025-05-19,1296,0.0012264535,0.0172904961,-0.0842171088
2025-05-07,1270,0.0000573188,0.0106018473,0.0187452088
2025-06-12,1607,0.0030046194,-0.0088567821,-0.0251444371
2025-05-20,1296,-0.0013817217,0.0158848837,-0.0854824659
2025-06-20,1693,0.0126270968,0.1080112089,
2025-05-21,1296,-0.0095829433,0.0061497164,-0.0942462356
2025-06-04,1676,0.0000312773,0.0000558587,
2025-05-22,1296,0.0035069372,0.0096782203,-0.0910698141
2025-06-24,1695,0.0073675054,0.0142592581,0.0918953204
2025-06-04,1232,0.0000127127,0.0000371645,-0.9799458081
2025-06-06,1517,-0.0150876162,0.0254606323,0.4430980585
2025-06-09,1270,0.0023518676,0.0076552940,0.0643703783
2025-06-17,1208,-0.0097220400,0.0317820489,0.1698695622
2025-06-18,1608,0.0001942638,-0.0155682587,-0.0148102864
2025-06-10,1270,0.0024322251,0.0101061385,0.0669591667
2025-06-04,1295,0.0027086719,0.0066145195,0.1373178831
2025-06-05,1295,-0.0005307550,0.0060802538,0.1367142459
2025-05-21,1210,-0.0056426161,0.0071137598,0.0821382937
2025-06-11,1270,-0.0033843849,0.0066875505,0.0633481662
2025-06-13,1886,-0.0047375017,0.0110781583,0.0152743022
2025-05-14,1247,0.0009624410,0.0390022040,0.2164750020
2025-05-06,1608,0.0002243336,0.0107659154,-0.0282328441
2025-05-15,1517,0.0115750663,0.0198247103,0.3727757315
2025-05-07,1608,0.0063800840,0.0172146869,-0.0220328880
2025-06-13,1607,-0.0057167597,-0.0145229097,-0.0307174521
2025-05-08,1608,-0.0071035748,0.0099888262,-0.0289799506
2025-05-12,1695,-0.0012578627,0.0109146051,0.0542251103
2025-06-12,1208,0.0120205503,0.0308146151,0.1687726529
2025-06-25,1694,0E-10,0.0019871998,
2025-05-05,1247,-0.0058137813,0.0003669457,0.1712404243
2025-05-06,1247,0.0031273637,0.0034954570,0.1749033191
2025-06-09,1694,0.0003812710,0.0000727865,
2025-05-06,1210,0.0017886774,-0.0025816693,0.0717206073
2025-06-17,1203,-0.0009219547,0.0043481510,0.0711760229
2025-05-06,1694,-0.0006991627,-0.0020261795,
2025-05-07,1210,0.0015464824,-0.0010391794,0.0733780044
2025-05-07,1694,-0.0007313485,-0.0027560462,
2025-05-08,1210,0.0016254653,0.0005845967,0.0751227431
2025-05-08,1694,0.0002937980,-0.0024630579,
2025-06-25,1882,0E-10,-0.0213533243,0.0090977760
2025-05-09,1210,-0.0002748838,0.0003095521,0.0748272093
2025-06-03,1232,0.0000123078,0.0000244514,-0.9799460631
2025-05-08,1204,0.0014668632,0.0017105410,0.0417861172
2025-05-07,1695,-0.0008485973,0.0000086045,0.0428518650
2025-05-09,1247,0.0006907497,0.0219317743,0.1964887585
2025-05-12,1210,0.0006644739,0.0009742317,0.0755414039
2025-05-06,1233,0.0001676240,0.0006529514,-0.3380404690
2025-05-09,1233,0.0001732064,0.0011735711,-0.3376960646
2025-05-12,1233,0.0001786218,0.0013524026,-0.3375777627
2025-05-12,1247,-0.0037558016,0.0180936013,0.1919949841
2025-05-13,1233,0.0001763585,0.0015289996,-0.3374609389
2025-05-15,1233,0.0001744281,0.0018813340,-0.3372278599
2025-05-13,1210,0.0014942216,0.0024699092,0.0771485012
2025-05-16,1233,0.0006051474,0.0024876200,-0.3368267850
2025-05-20,1233,0.0001477265,0.0031181978,-0.3364096404
2025-06-12,1882,-0.0014411757,-0.0213533243,0.0090977760
2025-05-21,1233,0.0000544010,0.0031727685,-0.3363735404
2025-05-26,1296,0.0061504396,0.0181040504,-0.0834847328
2025-06-25,1232,0.0000109917,0.0002097271,-0.9799423476
2025-05-14,1210,-0.0005795044,0.0018889734,0.0765242889
2025-06-25,1233,0.0001503984,0.0023210009,-0.3341083675
2025-05-14,1232,0.0000293460,-0.0004477755,-0.9799418880
2025-05-28,1209,-0.0047124262,0.0302972018,0.1138612925
2025-05-29,1209,0.0000956999,0.0303958012,0.1139678890
2025-06-12,1296,0.0053585302,0.0349037808,-0.0474365622
2025-06-13,1296,0.0002625597,0.0351755049,-0.0471864574
2025-06-18,1232,0.0000122526,0.0001628437,-0.9799432878
2025-05-22,1233,0.0002367020,0.0034102215,-0.3362164587
2025-06-18,1233,0.0001534310,0.0017105218,-0.3345139391
2025-06-25,1270,-0.0009592689,0.0026300350,0.0590622766
2025-06-02,1234,-0.0471694830,-0.0471694830,-0.9883305982
2025-06-09,1297,0.0000402452,0.0051633634,0.0987637430
2025-06-09,1882,0.0040368728,-0.0205173846,0.0099597265
2025-06-16,1694,0.0002159529,0.0014802322,
2025-06-10,1882,-0.0046045206,-0.0250274325,0.0053093461
2025-06-13,1882,0E-10,-0.0213533243,0.0090977760
2025-05-08,1209,-0.0026337969,-0.0147622706,0.0651471912
2025-05-05,1676,0.0000516324,0.0001052816,
2025-05-15,1232,-0.0000698914,-0.0005176356,-0.9799432899
2025-05-09,1208,0.0018148164,-0.0156814591,0.0741556435
2025-06-03,1234,-0.0501487928,-0.0949527833,-0.9889158047
2025-06-24,1157,0.0000060804,0.0096891810,0.1121818679
2025-06-02,1297,0.0005287601,0.0005287601,0.0936975675
2025-06-04,1234,-0.0534901291,-0.1433638758,-0.9895086997
2025-05-16,1232,-0.0003695370,-0.0008869814,-0.9799507016
2025-06-11,1882,0.0052171166,-0.0199408869,0.0105541622
2025-06-16,1882,0E-10,-0.0213533243,0.0090977760
2025-06-25,1676,0.0000734000,0.0004720714,
2025-06-17,1882,0E-10,-0.0213533243,0.0090977760
2025-05-16,1210,0.0024707504,0.0096938190,0.0849105533
2025-06-25,1695,-0.0040653714,0.0101359175,0.0874563604
2025-06-18,1882,0E-10,-0.0213533243,0.0090977760
2025-06-24,1882,0E-10,-0.0213533243,0.0090977760
2025-06-16,1233,0.0001531775,0.0014038009,-0.3347177090
2025-06-09,1208,-0.0008735142,0.0044902306,0.1389251708
2025-05-19,1232,-0.0008336293,-0.0017198713,-0.9799674153
2025-05-19,1210,0.0024379962,0.0121554488,0.0875555612
2025-05-27,1206,0.0014322022,0.0076825044,0.0501909582
2025-05-29,1206,-0.0006130014,0.0057482070,0.0481750637
2025-05-28,1206,-0.0013073503,0.0063651103,0.0488179907
2025-06-23,1210,0.0007002503,0.0016777302,0.0923527048
2025-06-20,1517,-0.0077274629,0.0821765284,0.5229125310
2025-05-30,1209,0.0018396457,0.0322913645,0.1160171953
2025-06-05,1886,0.0019574465,0.0090149474,0.0132025287
2025-05-20,1232,-0.0001369903,-0.0018566261,-0.9799701596
2025-04-30,1693,0.0003705118,-0.0069696488,
2025-06-03,1209,0.0034987241,0.0035263780,0.1199526938
2025-05-20,1210,0.0006652288,0.0128287638,0.0882790345
2025-06-20,1234,-0.1315973639,-0.6800842747,-0.9960819631
2025-06-13,1157,0.0061690677,0.0090456737,0.1114730387
2025-06-16,1234,-0.0946344563,-0.5342194374,-0.9942955432
2025-05-26,1206,0.0002463642,0.0062413632,0.0486890234
2025-06-06,1233,0.0001229450,0.0006634896,-0.3352095346
2025-06-25,1875,,,
2025-05-21,1232,0.0003794769,-0.0014778537,-0.9799625587
2025-06-03,1607,-0.0032917876,-0.0032746252,-0.0196540129
2025-06-05,1234,-0.0568192102,-0.1920372638,-0.9901048071
2025-05-20,1203,-0.0007696859,0.0071435327,0.0658068841
2025-06-17,1204,-0.0003030729,0.0064997657,0.0581372111
2025-06-16,1296,0.0040345317,0.0393519534,-0.0433423008
2025-05-22,1210,0.0008227046,0.0079423170,0.0830285739
2025-06-17,1295,-0.0028397342,0.0131540240,0.1447065063
2025-06-12,1273,0.0004453261,0.0034503944,0.0370030838
2025-06-11,1234,-0.0748397717,-0.3866776183,-0.9924885851
2025-05-28,1233,0.0001433102,0.0039875928,-0.3358345117
2025-06-02,1233,0.0001410675,0.0001410675,-0.3355566055
2025-06-16,1232,0.0000126888,0.0001379521,-0.9799437870
2025-06-03,1233,0.0001372528,0.0002783398,-0.3354654087
2025-06-04,1233,0.0001335095,0.0004118865,-0.3353766870
2025-05-22,1232,0.0003966005,-0.0010818392,-0.9799546118
2025-06-05,1233,0.0001285386,0.0005404781,-0.3352912572
2025-05-28,1208,-0.0048651295,0.0357974689,0.1303329670
2025-06-09,1233,0.0001145915,0.0007781572,-0.3351333552
2025-06-09,1232,0.0000121303,0.0000746128,-0.9799450571
2025-06-10,1233,0.0001101240,0.0008883669,-0.3350601374
2025-05-21,1676,0.0000501469,-0.0011970879,
2025-06-09,1295,-0.0000155246,0.0049940925,0.1354870526
2025-06-10,1295,0.0038628196,0.0088762035,0.1398732342
2025-06-16,1295,0.0029989656,0.0160393057,0.1479664259
2025-05-20,1297,-0.0009824975,0.0112946555,0.0819059757
2025-06-11,1233,0.0001067158,0.0009951776,-0.3349891778
2025-06-13,1233,0.0001522363,0.0012504318,-0.3348195997
2025-05-26,1297,0.0049772576,0.0128687317,0.0835899581
2025-05-23,1210,0.0018231387,0.0097799357,0.0850030852
2025-06-18,1211,-0.0003863647,0.0017100966,0.0851417021
2025-05-27,1297,0.0039106326,0.0168296891,0.0878274804
2025-05-23,1232,0.0003408695,-0.0007413384,-0.9799477790
2025-06-04,1211,0.0003567272,-0.0005448813,0.0826989089
2025-05-28,1297,-0.0020777346,0.0147169868,0.0855672635
2025-06-10,1206,0.0003685242,0.0052375491,0.0486674085
2025-05-29,1297,0.0001790440,0.0148986658,0.0857616278
2025-05-30,1297,0.0067767559,0.0217763864,0.0931195694
2025-06-16,1676,0.0000669188,0.0003734089,
2025-05-19,1273,0.0004979733,0.0073390553,0.0316565852
2025-06-18,1206,-0.0002381999,0.0088261223,0.0524110209
2025-06-12,1206,0.0033341590,0.0114564729,0.0551550120
2025-05-30,1206,-0.0047429913,0.0009779520,0.0432035785
2025-06-12,1234,-0.0823030414,-0.4371559157,-0.9931067974
2025-06-10,1608,0.0050729103,-0.0052385499,-0.0044726241
2025-05-13,1206,0.0059432101,0.0050480134,0.0474453328
2025-06-25,1886,-0.0005726283,0.0214649918,0.0257042428
2025-06-23,1204,0.0014882664,0.0089361237,0.0606985640
2025-05-27,1296,0.0048444732,0.0230362282,-0.0790446992
2025-06-06,1210,-0.0012460024,-0.0042577175,0.0858799619
2025-05-28,1296,-0.0023809600,0.0206004198,-0.0812374569
2025-06-09,1210,0.0010013158,-0.0032606649,0.0869672707
2025-06-02,1295,0.0018416450,0.0018416450,0.1319252770
2025-06-11,1204,0.0012332925,0.0056407736,0.0572341494
2025-06-16,1208,0.0091395759,0.0419115548,0.1813547403
2025-06-12,1204,0.0014885944,0.0071377648,0.0588079422
2025-06-03,1295,0.0020498763,0.0038952965,0.1342455839
2025-06-20,1875,,,
2025-06-25,1607,0.0033647976,-0.0053621926,-0.0217072749
2025-06-13,1208,0.0016109147,0.0324751696,0.1706554460
2025-06-10,1297,0.0044209298,0.0096071201,0.1036213004
2025-05-06,1232,-0.0000335837,-0.0002104065,-0.9799371247
2025-05-07,1233,0.0001693998,0.0008224618,-0.3379283331
2025-05-09,1270,-0.0005832787,0.0102675321,0.0184081997
2025-05-07,1232,-0.0001362573,-0.0003466351,-0.9799398584
2025-05-08,1232,-0.0000229610,-0.0003695882,-0.9799403190
2025-05-09,1232,-0.0000357920,-0.0004053670,-0.9799410370
2025-06-24,1247,0.0111235576,0.0100763421,0.2590313920
2025-06-25,1247,-0.0078246418,0.0021728566,0.2491799223
2025-06-11,1205,0.0012567214,0.0061673704,0.0574495665
2025-05-12,1232,-0.0000362127,-0.0004415651,-0.9799417634
2025-05-26,1676,0.0000201883,-0.0009232418,
2025-05-27,1676,0.0000525304,-0.0008707599,
2025-06-12,1232,0.0000124712,0.0001125835,-0.9799442957
2025-06-12,1875,,,
2025-05-26,1882,-0.0014782188,0.0182383528,0.0182383528
2025-05-13,1232,-0.0000355581,-0.0004771075,-0.9799424766
2025-06-13,1875,,,
2025-05-28,1676,0.0028417288,0.0019684945,
2025-05-19,1882,0.0028057170,0.0120055001,0.0120055001
2025-06-02,1676,-0.0000397258,-0.0000397258,
2025-05-27,1882,-0.0027624016,0.0154255695,0.0154255695
2025-05-28,1882,0.0130463350,0.0286731516,0.0286731516
2025-06-20,1211,0.0032778549,0.0049935570,0.0886986392
2025-06-24,1295,0.0017340468,0.0137629596,0.1453945088
2025-06-13,1234,-0.0859513886,-0.4855331464,-0.9936992778
2025-05-16,1882,0.0066008111,0.0091740433,0.0091740433
2025-05-28,1205,-0.0014908812,0.0107232570,0.0511956114
2025-05-05,1295,-0.0017937552,-0.0025944415,0.0997567134
2025-05-30,1205,-0.0001261908,0.0105042729,0.0509678584
2025-05-12,1273,0.0018159673,0.0070058089,0.0313152941
2025-06-20,1882,0E-10,-0.0213533243,0.0090977760
2025-05-19,1205,0.0011397610,0.0086866420,0.0490774442
2025-05-20,1205,-0.0007849035,0.0078949203,0.0482540196
2025-05-21,1205,-0.0020886527,0.0057897778,0.0460645810
2025-05-22,1205,0.0016585066,0.0074578868,0.0477994860
2025-05-23,1205,0.0009029113,0.0083675320,0.0487455561
2025-06-11,1676,-0.0002333938,0.0002405886,
2025-05-26,1205,0.0011367859,0.0095138300,0.0499377553
2025-06-20,1157,0.0002288653,0.0080220852,0.1103455466
2025-05-27,1205,0.0026929252,0.0122323753,0.0527651592
2025-06-10,1210,0.0012416596,-0.0020230539,0.0883169141
2025-06-10,1695,0.0038417941,0.0037064597,0.0805347624
2025-05-20,1882,-0.0038162511,0.0081434330,0.0081434330
2025-06-17,1211,-0.0014134868,0.0020972716,0.0855611246
2025-06-16,1607,-0.0004439056,-0.0149603685,-0.0311477221
2025-05-08,1693,0.0000623930,0.0009290128,
2025-06-09,1234,-0.0631237662,-0.2884520305,-0.9912856075
2025-05-12,1693,-0.0000738511,0.0017641036,
2025-05-29,1270,0.0001276001,0.0469195527,0.0553555599
2025-05-21,1693,-0.0474585840,-0.0467661183,
2025-05-28,1693,0.0019374404,-0.0505140747,
2025-06-17,1694,0.0000475775,0.0015278801,
2025-06-10,1694,0.0003481527,0.0004209646,
2025-06-18,1203,-0.0001480987,0.0041994082,0.0710173830
2025-05-29,1693,0.0026508867,-0.0479970950,
2025-06-09,1607,-0.0001853634,-0.0107694583,-0.0270256819
2025-05-30,1693,0.0030620244,-0.0450820388,
2025-06-02,1693,0.0019955860,0.0019955860,
2025-06-03,1693,0.0026405479,0.0046414034,
2025-05-02,1875,,,
2025-05-05,1875,,,
2025-06-02,1694,-0.0001663331,-0.0001663331,
2025-06-03,1694,-0.0001525555,-0.0003188632,
2025-05-13,1875,,,
2025-06-24,1694,0E-10,0.0019871998,
2025-06-10,1875,,,
2025-06-17,1875,,,
2025-06-04,1694,-0.0001855748,-0.0005043789,
2025-06-05,1694,-0.0002186114,-0.0007228801,
2025-05-12,1208,0.0120805973,-0.0037903031,0.0871320853
2025-05-20,1875,,,
2025-06-11,1297,0.0006689330,0.0102824797,0.1043595492
2025-06-09,1296,0.0002018206,0.0228765755,-0.0585068436
2025-06-10,1676,0.0000440542,0.0004740931,
2025-06-17,1676,0.0000254066,0.0003988250,
2025-06-12,1205,0.0015141993,0.0076909084,0.0590507560
2025-06-04,1693,0.0032894630,0.0079461342,
2025-06-05,1693,0.0039393443,0.0119167811,
2025-06-09,1693,0.0070455134,0.0256856367,
2025-06-11,1693,0.0082940138,0.0421337098,
2025-05-30,1875,,,
2025-06-12,1693,0.0088889640,0.0513971989,
2025-06-13,1693,0.0093073046,0.0611828729,
2025-06-16,1693,0.0098712999,0.0716581273,
2025-06-17,1693,0.0101306308,0.0825147003,
2025-06-18,1693,0.0107896974,0.0941947064,
2025-06-02,1875,,,
2025-05-30,1211,-0.0019942756,0.0081503597,0.0832891729
2025-05-15,1157,0.0002784534,0.0030732978,0.0992022079
2025-05-23,1204,0.0009336123,0.0083360059,0.0486766480
2025-05-14,1270,0.0087271104,0.0323679356,0.0406866868
2025-05-15,1886,-0.0033817562,0.0012642727,0.0032520736
2025-06-02,1882,-0.0207931385,-0.0207931385,0.0096753923
2025-06-11,1210,0.0005961226,-0.0014281373,0.0889656845
2025-06-12,1210,0.0015542433,0.0001238863,0.0906582021
2025-06-20,1203,0.0021294098,0.0063377603,0.0732980180
2025-06-16,1210,0.0009700656,-0.0003392366,0.0901531558
2025-06-18,1694,0.0000137919,0.0015416932,
2025-05-15,1247,0.0056079414,0.0448288676,0.2232969226
2025-06-13,1270,-0.0037100759,0.0041346059,0.0606515311
2025-06-17,1270,-0.0007809873,0.0046657315,0.0612125507
2025-05-16,1247,0.0044446136,0.0494727282,0.2287340048
2025-06-23,1676,0.0000732605,0.0003245812,
2025-06-18,1210,0.0007834142,-0.0008063258,0.0896437842
2025-05-27,1175,0.0096018505,0.0466712198,0.1681092539
2025-05-19,1247,0.0062952742,0.0560794469,0.2364692224
2025-06-24,1676,0.0000740367,0.0003986420,
2025-05-20,1247,0.0044956466,0.0608272069,0.2420279510
2025-06-16,1886,0.0037715403,0.0148914803,0.0191034502
2025-06-20,1676,-0.0001524276,0.0002513022,
2025-05-21,1247,-0.0138053202,0.0461821476,0.2248813575
2025-05-22,1247,0.0019035686,0.0481736272,0.2272130033
2025-05-07,1209,-0.0038792171,-0.0121605019,0.0679599810
2025-06-02,1247,-0.0001673835,-0.0001673835,0.2462628796
2025-06-03,1247,0.0074563437,0.0072877121,0.2555554441
2025-06-04,1203,0.0008117371,0.0012604491,0.0678828699
2025-06-04,1607,0.0019908688,-0.0012902756,-0.0177022726
2025-05-26,1175,0.0088280895,0.0367168198,0.1569999136
2025-05-07,1296,-0.0016366358,-0.0051836546,-0.1044487367
2025-05-29,1211,0.0006604084,0.0101649069,0.0854538671
2025-04-30,1297,0.0055514829,0.0590081113,0.0698226969
2025-05-02,1297,-0.0045947355,-0.0045947355,0.0649071445
2025-06-16,1517,0.0213520457,0.1181905806,0.5735939588
2025-06-24,1206,0.0036984340,0.0160040767,0.0598990886
2025-06-05,1875,,,
2025-05-22,1203,0.0012358525,0.0058835209,0.0644734800
2025-06-04,1608,0.0019417121,-0.0009856619,-0.0002164616
2025-06-23,1206,0.0017696123,0.0122602988,0.0559935661
2025-05-28,1175,-0.0063115190,0.0400651344,0.1607367101
2025-06-18,1296,-0.0004115360,0.0348735027,-0.0474644313
2025-06-20,1206,0.0016316314,0.0104721547,0.0541281678
2025-06-11,1694,0.0003150599,0.0007361572,
2025-06-12,1694,0.0002819893,0.0010183542,
2025-06-20,1273,0.0003369892,0.0054115134,0.0390297773
2025-06-09,1206,0.0011516563,0.0048672312,0.0482810915
2025-06-10,1886,0.0007133539,0.0066686364,0.0108464801
2025-05-29,1208,0.0002807094,0.0360882271,0.1306502622
2025-06-17,1296,-0.0038989560,0.0352995658,-0.0470722672
2025-06-10,1234,-0.0683180639,-0.3370636102,-0.9918809579
2025-05-21,1209,-0.0199004733,0.0033774237,0.0847581378
2025-05-28,1608,0.0030981866,0.0379100283,-0.0021360427
2025-06-04,1209,0.0089577472,0.0125157136,0.1299849469
2025-06-10,1232,0.0000124777,0.0000870915,-0.9799448069
2025-06-16,1608,-0.0001790780,-0.0141609735,-0.0134019177
2025-06-17,1886,-0.0038281005,0.0110063736,0.0152022197
2025-06-20,1886,0.0023639744,0.0132908724,0.0174961995
2025-06-10,1693,0.0076784745,0.0335613377,
2025-06-24,1886,0.0059363820,0.0220502467,0.0262919267
2025-06-11,1211,0.0003025746,0.0008707672,0.0842324656
2025-06-18,1208,-0.0014055860,0.0303317904,0.1682252098
2025-06-02,1209,0.0000275574,0.0000275574,0.1160479499
2025-05-21,1206,-0.0003197794,0.0028396468,0.0451438077
2025-06-09,1886,0.0013006704,0.0059510372,0.0101259028
2025-06-13,1247,-0.0043130173,0.0039175884,0.2513546809
2025-06-25,1203,0.0007663578,0.0089006864,0.0760314775
2025-06-16,1247,0.0086698605,0.0126214140,0.2622037515
2025-06-18,1209,-0.0015810466,0.0246738776,0.1435536670
2025-06-09,1157,0.0009180706,0.0016414722,0.1033172431
2025-06-23,1247,-0.0050645301,-0.0010356948,0.2451805543
2025-05-16,1608,0.0020294323,0.0355986723,-0.0043582187
2025-05-14,1517,0.0406358160,0.0081552464,0.3570675841
2025-06-03,1297,0.0017112894,0.0022409544,0.0955692005
2025-06-12,1676,0.0000399932,0.0002805915,
2025-06-16,1695,0.0062111767,0.0090255468,0.0862609969
2025-06-12,1211,0.0007823505,0.0016537990,0.0850807155
2025-06-13,1205,-0.0013816971,0.0062985847,0.0575874686
2025-05-13,1608,-0.0058842089,0.0200199739,-0.0193358384
2025-06-04,1204,0.0108174399,0.0036480469,0.0551391878
2025-06-06,1693,0.0065152904,0.0185097128,
2025-06-23,1296,0.0022525678,0.0358237738,-0.0465897669
2025-04-30,1205,0.0016729971,0.0276841186,0.0400429633
2025-05-02,1205,-0.0012203058,-0.0012203058,0.0387737929
2025-06-24,1296,0.0043418288,0.0403211434,-0.0424502228
2025-06-24,1175,0.0053730094,0.0240319690,0.1887075836
2025-05-23,1296,0.0021812097,0.0118805402,-0.0890872467
2025-05-19,1270,-0.0009726910,0.0370813605,0.0454380922
2025-06-23,1208,0.0048956623,0.0310001321,0.1689829983
2025-05-30,1296,0.0016383102,0.0224601625,-0.0795632837
2025-06-13,1297,0.0000267645,0.0146026608,0.1090820237
2025-06-13,1211,0.0017870506,0.0034438051,0.0870198097
2025-06-17,1608,-0.0016214487,-0.0157594610,-0.0150016359
2025-05-15,1208,0.0091685143,0.0253831103,0.1189681073
2025-05-06,1211,0.0029680443,0.0003698782,0.0749288016
2025-06-25,1273,-0.0031170651,0.0000863581,0.0335265630
2025-06-10,1607,0.0050699763,-0.0057540828,-0.0220927251
2025-05-19,1204,0.0011167386,0.0085326943,0.0488812054
2025-05-07,1211,0.0004895272,0.0008595865,0.0754550085
2025-05-02,1211,-0.0003277332,-0.0003277332,0.0741791962
2025-06-16,1211,0.0000716760,0.0035157280,0.0870977230
2025-06-18,1205,0.0001615649,0.0070674869,0.0583955601
2025-06-20,1205,0.0007341643,0.0078068399,0.0591725964
2025-05-09,1882,0E-10,0E-10,0E-10
2025-05-12,1882,-0.0022376049,-0.0022376049,-0.0022376049
2025-05-14,1676,-0.0000017421,0.0017722299,
2025-06-13,1608,-0.0058279923,-0.0139843998,-0.0132252080
2025-06-17,1297,-0.0034855765,0.0146605554,0.1091453095
2025-05-21,1695,-0.0087187898,0.0260663791,0.0700260301
2025-06-05,1676,0.0000672356,0.0001230982,
2025-05-09,1693,0.0009082338,0.0018380905,
2025-05-13,1209,0.0016511640,-0.0009772117,0.0800503119
2025-05-14,1206,-0.0006786768,0.0043659105,0.0467344559
2025-06-16,1205,0.0009371245,0.0072416118,0.0585785598
2025-06-17,1205,-0.0003343839,0.0069048064,0.0582245881
2025-06-24,1204,0.0021419424,0.0110972068,0.0629705193
2025-06-25,1204,0.0008631520,0.0119699374,0.0638880245
2025-05-21,1297,-0.0077272854,0.0034800930,0.0735457794
2025-05-22,1693,-0.0074780342,-0.0538944339,
2025-05-13,1208,0.0018524229,-0.0019449014,0.0891459137
2025-06-24,1608,0.0104229251,-0.0078583033,-0.0070943946
2025-05-15,1295,0.0018547387,0.0126620957,0.1165788367
2025-06-20,1270,-0.0096831939,-0.0019704622,0.0542028439
2025-06-04,1205,0.0114232506,0.0042552614,0.0554400015
2025-06-03,1211,0.0012082997,-0.0009012870,0.0823128184
2025-05-27,1209,0.0086630890,0.0351753895,0.1191351343
2025-05-13,1273,-0.0007070813,0.0062937739,0.0305860703
2025-06-04,1297,0.0062397762,0.0084947137,0.1024053072
2025-05-09,1204,0.0004014454,0.0021126731,0.0422043374
2025-05-07,1205,0.0001479585,0.0002840000,0.0403383356
2025-06-12,1695,0.0019703643,0.0056674239,0.0826458279
2025-06-02,1270,0.0023148049,0.0023148049,0.0587293040
2025-05-20,1270,0.0018808062,0.0390319097,0.0474043587
2025-05-21,1270,-0.0002610296,0.0387606916,0.0471309551
2025-05-22,1882,-0.0024433228,0.0030475408,0.0030475408
2025-06-23,1608,-0.0001479737,-0.0180926501,-0.0173366215
2025-06-25,1608,0.0032253505,-0.0046582985,-0.0038919259
2025-06-03,1270,0.0002906538,0.0026061315,0.0590370277
2025-06-06,1694,0.0004148130,-0.0003083669,
2025-06-25,1211,-0.0010675789,0.0049273298,0.0886268960
2025-05-23,1208,0.0043700658,0.0165362554,0.1093138148
2025-05-20,1695,0.0025535693,0.0350911210,0.0794374180
2025-05-02,1270,0.0121928235,0.0121928235,0.0203490050
2025-06-02,1695,0.0006128565,0.0006128565,0.0772043606
2025-06-03,1695,0.0037643045,0.0043794681,0.0812592859
2025-06-04,1695,-0.0002759990,0.0041022603,0.0809608594
2025-04-30,1175,0.0103716121,0.0733288035,0.1160230947
2025-05-15,1296,0.0040225030,0.0132344215,-0.0878684589
2025-06-23,1297,0.0019110106,0.0145927623,0.1090712035
2025-06-02,1157,0.0000700548,0.0000700548,0.1015863124
2025-05-29,1882,0.0008932675,0.0295920320,0.0295920320
2025-05-19,1211,0.0026397490,0.0095101773,0.0847503395
2025-05-08,1208,-0.0030925427,-0.0174645805,0.0722097796
2025-05-06,1295,0.0027406540,0.0001391020,0.1027707660
2025-05-29,1233,0.0001414925,0.0041296495,-0.3357405372
2025-05-21,1882,-0.0026178025,0.0055043125,0.0055043125
2025-05-07,1295,-0.0014983678,-0.0013594741,0.1011184098
2025-05-27,1607,0.0037721229,0.0335646478,-0.0227033251
2025-05-23,1882,0.0166474854,0.0197457602,0.0197457602
2025-05-30,1157,0.0001231331,0.0051784867,0.1015091464
2025-06-24,1297,0.0033526815,0.0179943687,0.1127895660
2025-06-06,1211,0.0024090887,-0.0009422979,0.0822683917
2025-06-02,1203,-0.0007502545,-0.0007502545,0.0657383768
2025-05-08,1295,0.0019264802,0.0005643870,0.1032396926
2025-05-09,1295,0.0012210679,0.0017861441,0.1045868233
2025-05-22,1875,,,
2025-05-27,1875,,,
2025-06-04,1206,0.0016845823,0.0048148174,0.0482264133
2025-06-24,1211,0.0007587166,0.0060013156,0.0897903332
2025-05-21,1204,-0.0019979864,0.0057587704,0.0459963047
2025-06-03,1875,,,
2025-06-04,1875,,,
2025-06-06,1875,,,
2025-06-23,1211,0.0002438496,0.0052386244,0.0889641180
2025-05-23,1175,0.0027595576,0.0276446805,0.1468751966
2025-05-26,1204,0.0010565997,0.0094014134,0.0497846795
2025-06-11,1607,-0.0061069262,-0.0118258693,-0.0280647328
2025-05-26,1607,0.0050841544,0.0296805661,-0.0263759547
2025-06-10,1209,0.0116400032,0.0145517948,0.1322572486
2025-06-13,1210,-0.0014317424,-0.0013080334,0.0890966606
2025-06-06,1676,0.0000993506,0.0002224610,
2025-05-06,1676,0.0000111431,0.0001164259,
2025-05-28,1211,-0.0010796988,0.0094982257,0.0847374972
2025-05-20,1204,-0.0007539750,0.0077722858,0.0480903751
2025-05-06,1693,0.0022817696,0.0007307397,
2025-05-06,1695,0.0008114553,0.0008579298,0.0437375780
2025-06-11,1295,0.0006948472,0.0095772183,0.1406652720
2025-06-12,1295,0.0029523617,0.0125578555,0.1440329285
2025-06-09,1211,0.0011584987,0.0002151091,0.0835221983
2025-06-13,1295,0.0004379936,0.0130013494,0.1445340077
2025-05-23,1206,0.0024876920,0.0059935224,0.0484307276
2025-06-16,1206,0.0024134175,0.0113471848,0.0550410023
2025-05-13,1882,0.0023237823,0.0000809776,0.0000809776
2025-05-22,1206,0.0006556221,0.0034971306,0.0458290271
2025-05-13,1676,0.0002385661,0.0017739752,
2025-05-30,1204,-0.0000941738,0.0108622708,0.0513039816
2025-06-10,1273,0.0011784852,0.0021659272,0.0356756674
2025-05-13,1693,-0.0001235337,0.0016403519,
2025-05-21,1203,-0.0024838575,0.0046419316,0.0631595716
2025-05-15,1175,0.0047812483,0.0318398631,0.1515571173
2025-05-30,1234,-0.0435031437,0.0198836673,-0.9877529093
2025-06-02,1208,0.0000631651,0.0000631651,0.1339056135
2025-06-02,1211,-0.0021070408,-0.0021070408,0.0810066384
2025-06-05,1273,-0.0008419229,0.0012466122,0.0347256129
2025-04-30,1234,-0.0000063025,-0.7305742790,-0.9879916788
2025-06-20,1297,-0.0014798809,0.0126575629,0.1069557992
2025-05-21,1211,-0.0040868585,0.0043260681,0.0791798518
2025-06-13,1203,0.0006177155,0.0047982291,0.0716560486
2025-06-05,1205,-0.0004015275,0.0038520253,0.0550162133
2025-05-30,1273,-0.0006172978,0.0090778132,0.0334373173
2025-05-21,1295,-0.0045942161,0.0095140461,0.1131077424
2025-05-08,1875,,,
2025-05-12,1875,,,
2025-05-22,1211,0.0014789915,0.0058114580,0.0807759497
2025-05-02,1234,0.3706430872,0.3706430872,-0.9835408775
2025-05-02,1694,-0.0006613130,-0.0006613130,
2025-05-05,1234,-0.0000176374,0.3706189126,-0.9835411678
2025-05-13,1295,0.0027514950,0.0062493705,0.1095080544
2025-05-20,1157,0.0001714587,0.0023878644,0.0984510865
2025-05-14,1295,0.0045097953,0.0107873493,0.1145117086
2025-05-06,1234,-0.0000176293,0.3705947495,-0.9835414580
2025-06-02,1296,0.0160857707,0.0160857707,-0.0647573497
2025-05-22,1209,0.0059355245,0.0093329950,0.0911967464
2025-05-19,1676,0.0000401873,-0.0012317492,
2025-06-16,1175,0.0087173588,0.0348383137,0.2012517074
2025-05-07,1234,-0.0000144188,0.3705749871,-0.9835416953
2025-06-05,1209,-0.0027889084,0.0096919000,0.1268335224
2025-05-08,1203,0.0025559564,0.0030984747,0.0615262125
2025-05-12,1607,0.0199347013,0.0261032032,-0.0297585635
2025-05-13,1296,0.0018462266,0.0020758011,-0.0979136462
2025-05-08,1234,0.0000129583,0.3705927475,-0.9835414820
2025-05-16,1206,0.0004260117,0.0030552262,0.0453684812
2025-05-14,1296,0.0070845047,0.0091750119,-0.0915228111
2025-05-19,1693,-0.0001952177,0.0009055664,
2025-06-06,1205,-0.0008992459,0.0029493155,0.0540674942
2025-06-09,1205,0.0012872578,0.0042403698,0.0554243509
2025-06-10,1205,0.0006613113,0.0049044854,0.0561223150
2025-05-07,1203,0.0002182399,0.0005411352,0.0588199150
2025-05-29,1157,0.0005109931,0.0050547312,0.1013735308
2025-05-14,1273,0.0005360386,0.0068331862,0.0311385043
2025-06-16,1297,0.0035550293,0.0182096030,0.1130248428
2025-06-18,1297,-0.0004949033,0.0141583966,0.1085963898
2025-05-09,1234,-0.0000215173,0.3705632559,-0.9835418362
2025-05-05,1233,0.0001665610,0.0004852460,-0.3381514107
2025-05-28,1210,-0.0000707906,0.0149525877,0.0905610719
2025-05-29,1210,0.0005154584,0.0154757537,0.0911232108
2025-05-30,1517,-0.0028100145,0.0454488466,0.4072681222
2025-06-09,1273,-0.0014599831,0.0009862796,0.0344565756
2025-05-14,1693,-0.0001597755,0.0014803142,
2025-05-16,1295,0.0014847516,0.0141656474,0.1182366789
2025-05-30,1175,-0.0018585533,0.0401317094,0.1608110093
2025-06-18,1204,0.0001909434,0.0066919502,0.0583392555
2025-06-05,1211,-0.0027999766,-0.0033433323,0.0796673772
2025-05-22,1297,0.0026373718,0.0061266432,0.0763771188
2025-06-05,1175,-0.0005564244,0.0125177120,0.1753417073
2025-06-10,1175,0.0098018033,0.0166607315,0.1801509699
2025-06-13,1175,0.0002938932,0.0258952170,0.1908704623
2025-05-07,1676,-0.0000081189,0.0001083060,
2025-06-18,1157,-0.0018531486,0.0077914366,0.1100914851
2025-06-17,1175,-0.0086947649,0.0258406378,0.1908071062
2025-06-05,1608,-0.0085430921,-0.0095203335,-0.0087577045
2025-05-07,1693,0.0001357268,0.0008665658,
2025-06-11,1608,-0.0059696108,-0.0111768886,-0.0104155351
2025-06-12,1608,0.0030062677,-0.0082042216,-0.0074405793
2025-05-02,1203,-0.0006596258,-0.0006596258,0.0575492129
2025-06-04,1247,-0.0017460531,0.0055289342,0.2533631775
2025-06-12,1247,0.0025043037,0.0082662583,0.2567751740
2025-05-12,1206,-0.0010121445,-0.0008899078,0.0412569241
2025-05-27,1204,0.0025073855,0.0119323720,0.0524168944
2025-05-08,1206,0.0030751382,0.0005427821,0.0427500512
2025-05-13,1297,0.0014881987,0.0016405344,0.0715777778
2025-06-17,1209,-0.0092422637,0.0262965002,0.1453645418
2025-06-23,1209,0.0040731630,0.0241560718,0.1429757869
2025-04-30,1206,0.0034587829,0.0446427619,0.0421843722
2025-05-12,1234,-0.0000218914,0.3705332523,-0.9835421965
2025-05-14,1882,0.0044212494,0.0045025850,0.0045025850
2025-05-13,1247,0.0195557518,0.0380031871,0.2153053422
2025-06-05,1247,-0.0011902470,0.0043321064,0.2518713657
2025-05-05,1206,-0.0016072080,-0.0044563646,0.0375400186
2025-05-21,1886,-0.0012272790,0.0005133242,0.0024996344
2025-05-13,1234,-0.0000219087,0.3705032256,-0.9835425570
2025-06-12,1517,0.0246197915,0.0844741838,0.5261459483
2025-06-13,1517,0.0095344610,0.0948140607,0.5406969274
2025-05-29,1517,0.0061386660,0.0483948513,0.4112337094
2025-06-17,1517,-0.0209505561,0.0947638661,0.5406262903
2025-06-24,1517,0.0077302025,0.1025163729,0.5515361459
2025-06-25,1517,-0.0222426557,0.0779934808,0.5170258616
2025-06-23,1517,0.0109802292,0.0940590747,0.5396344598
2025-06-11,1886,0.0038177797,0.0105118755,0.0147056693
2025-06-11,1517,0.0095100893,0.0584161976,0.4894753750
2025-06-12,1886,0.0053231119,0.0158909433,0.0201070612
2025-05-16,1517,0.0089995860,0.0290027105,0.3851301448
2025-05-14,1208,0.0180472844,0.0160672828,0.1088020398
2025-05-13,1695,0.0114691996,0.0225089865,0.0663162285
2025-05-14,1234,-0.0000219008,0.3704732104,-0.9835429175
2025-05-14,1695,0.0011614371,0.0236965664,0.0675546878
2025-06-03,1273,0.0018382753,0.0014348075,0.0349201010
2025-06-04,1273,0.0006545483,0.0020902950,0.0355975062
2025-06-04,1175,0.0074388892,0.0130814153,0.1759960603
2025-05-15,1234,-0.0000133413,0.3704549264,-0.9835431370
2025-06-12,1175,0.0079549636,0.0255938018,0.1905205763
2025-06-23,1175,0.0018087573,0.0185592406,0.1823547802
2025-06-03,1208,0.0038907077,0.0039541186,0.1383173088
2025-05-14,1607,0.0042465645,0.0237698094,-0.0319649257
2025-05-15,1211,0.0011300629,0.0037706263,0.0785830121
2025-05-28,1607,0.0032147989,0.0368873503,-0.0195615128
2025-05-13,1211,-0.0003080423,0.0044821663,0.0793475841
2025-05-16,1234,-0.0001621129,0.3702327578,-0.9835458049
2025-05-14,1211,-0.0018363526,0.0026375827,0.0773655213
2025-05-09,1157,0.0000381131,0.0012045044,0.0971543199
2025-06-03,1296,0.0021003062,0.0182198620,-0.0627930537
2025-05-19,1234,0.0004243241,0.3708141807,-0.9835388230
2025-05-13,1203,0.0010235239,0.0044722818,0.0629800402
2025-05-15,1882,-0.0019375031,0.0025563581,0.0025563581
2025-05-23,1203,0.0006036254,0.0064906977,0.0651160233
2025-05-20,1234,-0.0087353910,0.3588395827,-0.9836826178
2025-06-02,1273,-0.0004027275,-0.0004027275,0.0330211237
2025-04-30,1695,0.0060142376,0.0629456307,0.0428428919
2025-05-02,1607,0.0089201283,0.0089201283,-0.0460061799
2025-06-06,1273,0.0012017292,0.0024498395,0.0359690730
2025-06-23,1205,0.0015552655,0.0093742472,0.0608198910
2025-05-07,1247,-0.0019393969,0.0015492810,0.1726247153
2025-05-06,1206,0.0025555824,-0.0019121708,0.0401915376
2025-05-23,1209,0.0038612502,0.0132302823,0.0954101301
2025-05-21,1234,-0.0177321111,0.3347444883,-0.9839719594
2025-05-09,1607,-0.0036513648,0.0060479380,-0.0487220062
2025-06-13,1206,-0.0025153970,0.0089122583,0.0525008782
2025-05-22,1234,-0.0279094819,0.2974924611,-0.9844192937
2025-05-13,1175,0.0073763951,0.0110442382,0.1283487197
2025-05-16,1695,0.0018971017,0.0289148460,0.0729965336
2025-05-19,1695,0.0034403530,0.0324546764,0.0766880205
2025-06-02,1886,0.0010361383,0.0010361383,0.0051906062
2025-05-23,1886,0.0017091221,0.0040835505,0.0060769485
2025-05-29,1886,-0.0009949847,0.0035963260,0.0055887568
2025-05-28,1273,0.0013235765,0.0100902175,0.0344741615
2025-05-09,1209,0.0015395933,-0.0132454051,0.0667870847
2025-05-30,1886,-0.0014305938,0.0021605873,0.0041501677
2025-05-23,1234,-0.0279589108,0.2612159850,-0.9848549133
2025-05-07,1157,0.0008267385,0.0010450745,0.0969796111
2025-05-08,1157,0.0001211456,0.0011663468,0.0971125054
2025-05-09,1203,0.0009705136,0.0040719954,0.0625564382
2025-05-15,1206,-0.0017302614,0.0026280948,0.0449233316
2025-05-12,1209,0.0107639347,-0.0026240430,0.0782699114
2025-05-26,1234,-0.0388282173,0.2122452166,-0.9854429700
2025-06-13,1695,-0.0028542502,0.0027969974,0.0795556857
2025-05-15,1676,0.0000510435,0.0018233640,
2025-05-06,1203,0.0025943729,0.0003228248,0.0585888886
2025-05-15,1693,-0.0001833699,0.0012966729,
2025-05-27,1203,0.0031450660,0.0099807260,0.0688093361
2025-05-23,1297,0.0017152388,0.0078523906,0.0782233626
2025-05-07,1273,-0.0004185366,0.0023196213,0.0265159802
2025-05-27,1234,-0.0403705239,0.1633062420,-0.9860306450
2025-05-26,1693,0.0004825008,-0.0534987785,
2025-05-09,1695,0.0019792801,0.0121877985,0.0555528509
2025-05-20,1295,-0.0011326891,0.0141733778,0.1182452026
2025-05-28,1234,-0.0419520009,0.1145032175,-0.9866166874
2025-05-08,1247,0.0196466432,0.0212263624,0.1956628547
2025-05-19,1157,-0.0017982391,0.0022160257,0.0982627797
2025-05-07,1175,-0.0059750031,-0.0074723080,0.1076838263
2025-05-08,1175,0.0028705770,-0.0046231808,0.1108635181
2025-05-15,1607,0.0092119394,0.0332007149,-0.0230474452
2025-04-30,1203,0.0024766139,0.0288274906,0.0582472601
2025-05-29,1234,-0.0432779941,0.0662697537,-0.9871958903
2025-05-22,1695,0.0010350160,0.0271283743,0.0711335242
2025-05-15,1210,0.0053062693,0.0072052662,0.0822366167
2025-05-23,1695,0.0015896242,0.0287611225,0.0728362241
2025-05-09,1175,0.0024116023,-0.0022227277,0.1135424791
2025-06-05,1695,-0.0020552539,0.0020385751,0.0787392103
2025-05-26,1886,0.0006496777,0.0047358812,0.0067305743
2025-05-27,1886,0.0020007077,0.0067460641,0.0087447480
2025-05-28,1886,-0.0021357723,0.0045958836,0.0065902988
2025-05-20,1693,-0.0001784382,0.0007269665,
2025-05-05,1886,-0.0017501021,-0.0043935273,-0.0024169587
2025-05-06,1886,0.0028504677,-0.0015555832,0.0004266195
2025-05-07,1886,-0.0005700448,-0.0021247413,-0.0001436685
2025-05-08,1886,0.0028496980,0.0007189017,0.0027056200
2025-05-20,1676,-0.0000154420,-0.0012471723,
2025-05-12,1886,-0.0014200206,-0.0009376944,0.0010457350
2025-05-20,1886,-0.0014894766,0.0017427421,0.0037314930
2025-05-19,1233,0.0004812154,0.0029700325,-0.3365076559
2025-05-13,1886,0.0062174257,0.0052739012,0.0072696625
2025-06-05,1206,0.0014000122,0.0062215704,0.0496939430
2025-05-14,1886,-0.0006088959,0.0046617940,0.0066563400
2025-04-30,1886,0.0014920610,0.0019852910,0.0019852910
2025-05-02,1886,-0.0026480595,-0.0026480595,-0.0006680257
2025-05-22,1886,0.0018561000,0.0023703771,0.0043603740
2025-05-16,1886,0.0010854875,0.0023511326,0.0043410913
2025-05-19,1886,0.0008838297,0.0032370403,0.0052287578
2025-05-30,1247,-0.0042103047,0.0646224976,0.2464715184
2025-06-04,1157,0.0006188802,0.0005056034,0.1020660732
2025-05-02,1695,0.0034020403,0.0034020403,0.0463906855
2025-05-19,1517,0.0051955609,0.0343489569,0.3923266729
2025-05-28,1204,-0.0013369770,0.0105794416,0.0510098372
2025-05-02,1157,0.0002994521,0.0002994521,0.0961625325
2025-05-05,1157,-0.0000812648,0.0002181629,0.0960734530
2025-05-12,1157,0.0005223441,0.0017274777,0.0977274121
2025-05-05,1695,-0.0033442262,0.0000464369,0.0428913183
2025-05-30,1232,0.0000119585,-0.0006802637,-0.9799465534
2025-06-04,1208,0.0108452071,0.0148422090,0.1506625958
2025-06-06,1208,-0.0064283746,0.0053684343,0.1399209080
2025-05-02,1175,-0.0024111885,-0.0024111885,0.1133321526
2025-05-05,1175,-0.0046694219,-0.0070693515,0.1081335351
2025-05-16,1693,-0.0001954203,0.0011009991,
2025-05-16,1676,-0.0030896160,-0.0012718855,
2025-04-30,1295,0.0041168594,0.0415549475,0.1026173897
2025-05-05,1607,0.0017953282,0.0107314711,-0.0442934479
2025-05-08,1273,0.0040131209,0.0063420511,0.0306355130
2025-05-29,1273,-0.0003852309,0.0097010995,0.0340756500
2025-05-07,1206,-0.0006135951,-0.0025245926,0.0395532811
2025-05-26,1517,0.0291408729,0.0395825917,0.3993716159
2025-05-23,1676,0.0000354688,-0.0009434112,
2025-05-23,1693,-0.0000642761,-0.0539552459,
2025-06-04,1296,0.0083375173,0.0267092878,-0.0549790744
2025-06-05,1297,-0.0010591465,0.0074265700,0.1012376985
2025-05-26,1273,0.0001159216,0.0072042081,0.0315184827
2025-05-22,1273,-0.0004728848,0.0062138577,0.0305042250
2025-05-19,1175,0.0010658645,0.0347543757,0.1548097807
2025-05-20,1175,-0.0020377525,0.0326458024,0.1524565642
2025-06-24,1208,0.0085249628,0.0397893700,0.1789485350
2025-05-22,1175,0.0066848845,0.0248166399,0.1437190380
2025-06-25,1208,-0.0077270874,0.0317548265,0.1698386966
2025-04-30,1608,0.0064757442,0.0221303284,-0.0385833742
2025-05-08,1695,0.0101796607,0.0101883528,0.0534677432
2025-06-20,1175,-0.0082987819,0.0167202404,0.1802200485
2025-05-23,1694,0.0000636847,-0.0082745581,
2025-06-13,1204,-0.0012720918,0.0058565930,0.0574610412
2025-06-17,1247,0.0012602026,0.0138975222,0.2637943841
2025-06-18,1247,-0.0015813847,0.0122941601,0.2617958389
2025-05-26,1211,0.0001489283,0.0060553776,0.0810380489
2025-05-26,1233,0.0001439591,0.0036994306,-0.3360251389
2025-06-20,1247,-0.0081446847,0.0040493433,0.2515189095
2025-06-10,1157,0.0006090682,0.0022515403,0.1039892386
2025-06-11,1157,0.0002082471,0.0024602563,0.1042191412
2025-05-14,1203,-0.0010300691,0.0034376059,0.0618850972
2025-06-12,1157,0.0003977339,0.0028589688,0.1046583267
2025-05-23,1247,0.0017170932,0.0499734390,0.2293202424
2025-05-26,1247,0.0058411252,0.0561064654,0.2365008559
2025-06-03,1157,-0.0001832487,-0.0001132067,0.1013844481
2025-06-05,1157,-0.0003879066,0.0001175006,0.1016385744
2025-04-30,1233,0.0001520288,-0.0221204727,-0.3384724143
2025-06-05,1208,-0.0029256520,0.0118731338,0.1472961575
2025-06-12,1203,0.0010602664,0.0041779327,0.0709944786
2025-04-30,1210,0.0029875847,0.0245406208,0.0744945971
2025-06-17,1695,0.0010505830,0.0100856120,0.0874022043
2025-06-05,1296,-0.0011965278,0.0254808015,-0.0561098183
2025-06-18,1175,-0.0005968281,0.0252283872,0.1900963990
2025-04-30,1607,0.0066022289,0.0208070480,-0.0544406903
2025-05-02,1295,-0.0008021250,-0.0008021250,0.1017329526
2025-05-06,1607,0.0001359896,0.0108689201,-0.0441634817
2025-05-07,1607,0.0065771796,0.0175175866,-0.0378767732
2025-05-08,1607,-0.0076487506,0.0097348483,-0.0452358138
2025-05-19,1608,-0.0024346694,0.0330773319,-0.0067822773
2025-05-20,1608,0.0037256180,0.0369261834,-0.0030819275
2025-04-30,1209,0.0141810670,0.0875245059,0.0811067821
2025-05-05,1273,-0.0022324435,-0.0008048590,0.0233160738
2025-05-06,1273,0.0035470183,0.0027393044,0.0269457947
2025-06-16,1157,-0.0001463442,0.0088980056,0.1113103810
2025-05-09,1206,-0.0004201934,0.0001223605,0.0423118944
2025-05-09,1694,-0.0001250814,-0.0025878313,
2025-05-12,1175,0.0058767760,0.0036409857,0.1200865189
2025-05-12,1694,-0.0001586533,-0.0027460740,
2025-05-13,1694,-0.0001903980,-0.0029359492,
2025-05-14,1608,0.0041482248,0.0242512461,-0.0152678230
2025-05-14,1694,-0.0002221496,-0.0031574467,
2025-05-15,1608,0.0090309925,0.0335012515,-0.0063747140
2025-05-15,1694,-0.0002579108,-0.0034145432,
2025-06-24,1209,0.0075127315,0.0318502814,0.1515626571
2025-06-25,1209,-0.0073947068,0.0242200511,0.1430471889
2025-06-25,1295,-0.0024779751,0.0112508801,0.1425562496
2025-06-06,1247,-0.0018938334,0.0024300686,0.2495005298
2025-05-16,1694,0.0002967368,-0.0031188196,
2025-05-19,1694,0.0002644010,-0.0028552432,
2025-05-19,1206,0.0011411041,0.0041998167,0.0465613555
2025-05-20,1206,-0.0010350329,0.0031604368,0.0454781301
2025-05-21,1175,-0.0141718010,0.0180113515,0.1361241790
2025-05-05,1297,-0.0012267635,-0.0058158624,0.0636007552
2025-05-12,1297,0.0039781404,0.0001521092,0.0699854268
2025-05-20,1607,0.0037680284,0.0364831881,-0.0199436721
2025-05-20,1694,0.0002329422,-0.0026229660,
2025-05-21,1607,-0.0112737395,0.0247981466,-0.0309925719
2025-05-21,1694,-0.0058183436,-0.0084260484,
2025-05-13,1205,0.0025880551,0.0052863901,0.0455410362
2025-05-22,1694,0.0000890872,-0.0083377118,
2025-05-22,1607,-0.0011160885,0.0236543811,-0.0320740701
2025-05-15,1205,0.0003598343,0.0053839112,0.0456424623
2025-05-26,1694,0.0043825395,-0.0039282821,
2025-04-30,1208,0.0164138935,0.1000898516,0.0912683231
2025-05-27,1247,0.0139036093,0.0707901571,0.2536926808
2025-05-28,1247,-0.0050585480,0.0653735136,0.2473508161
2025-05-29,1247,0.0035201936,0.0691238348,0.2517417326
2025-05-15,1203,0.0005446222,0.0039841004,0.0624634235
2025-05-27,1694,0.0005479172,-0.0033825172,
2025-05-09,1205,0.0004178928,0.0021460404,0.0422749376
2025-05-14,1205,-0.0002627315,0.0050222696,0.0452663396
2025-05-28,1694,0.0005416825,-0.0028426669,
2025-05-29,1607,-0.0045126219,0.0322082697,-0.0239858610
2025-05-29,1232,0.0000118722,-0.0006922140,-0.9799467932
2025-05-29,1694,0.0005457518,-0.0022984664,
2025-05-30,1607,0.0077382698,0.0401957758,-0.0164332003
2025-05-30,1694,0.0004452800,-0.0018542098,
2025-05-30,1233,0.0001358106,0.0042660210,-0.3356503237
2025-05-06,1205,0.0026505813,0.0001360214,0.0401844314
2025-05-08,1205,0.0014430158,0.0017274257,0.0418395603
2025-05-16,1205,0.0021428410,0.0075382891,0.0478831079
2025-06-20,1608,-0.0024166971,-0.0179473321,-0.0171911916
2025-04-30,1232,-0.0001712465,-0.0491989903,-0.9799329025
2025-05-02,1233,0.0003186319,0.0003186319,-0.3382616305
2025-05-02,1206,-0.0028537431,-0.0028537431,0.0392102457
2025-05-02,1232,-0.0001440728,-0.0001440728,-0.9799357936
2025-06-20,1607,-0.0023431030,-0.0187097421,-0.0348354815
2025-04-30,1517,0.0332430581,0.2418067833,0.3460898893
2025-06-20,1695,0.0001617621,0.0093200616,0.0865780552
2025-04-30,1247,0.0063566129,0.0864210763,0.1708108002
2025-04-30,1211,0.0029470441,0.0321751744,0.0745313558
2025-04-30,1694,-0.0003454348,-0.0006227843,
2025-05-13,1204,0.0028013925,0.0054120626,0.0456357260
2025-05-02,1210,-0.0025666273,-0.0025666273,0.0717367699
2025-04-30,1157,0.0004894081,0.0026113135,0.0958343825
2025-04-30,1273,-0.0007383006,0.0003825242,0.0241403624
2025-05-05,1203,-0.0016071043,-0.0022656700,0.0558496210
2025-06-06,1608,-0.0005548092,-0.0100698607,-0.0093076549
2025-06-18,1607,0.0001893942,-0.0164050779,-0.0325686902
2025-06-18,1695,-0.0009195198,0.0091568182,0.0864023164
2025-05-09,1273,-0.0011542965,0.0051804340,0.0294458540
2025-05-22,1295,0.0022844691,0.0118202498,0.1156506027
2025-05-05,1209,-0.0024144967,-0.0144748283,0.0654579470
2025-05-06,1209,0.0062517870,-0.0083135348,0.0721189633
2025-05-06,1175,0.0056026535,-0.0015063051,0.1143420234
2025-05-20,1273,-0.0003369881,0.0069995939,0.0313089291
2025-05-21,1273,-0.0003075351,0.0066899062,0.0309917654
2025-05-19,1203,0.0017843692,0.0079193141,0.0666278526
2025-05-02,1273,0.0014307786,0.0014307786,0.0256056806
2025-05-02,1517,-0.0462073816,-0.0462073816,0.2838906001
2025-05-02,1247,0.0062168705,0.0062168705,0.1780895795
2025-05-05,1210,-0.0018005375,-0.0043625435,0.0698070676
2025-06-23,1295,0.0010967951,0.0120080902,0.1434117792
2025-05-05,1232,-0.0000327605,-0.0001768286,-0.9799364509
2025-05-05,1694,-0.0006670733,-0.0013279452,
2025-05-06,1157,-7.3E-9,0.0002181555,0.0960734449
2025-05-05,1211,-0.0022634860,-0.0025904774,0.0717478066
2025-05-14,1157,0.0007915379,0.0027940663,0.0988962165
2025-05-15,1209,0.0077795726,0.0225162863,0.1054492920
2025-05-16,1209,0.0029008143,0.0254824162,0.1086559951
2025-04-30,1296,0.0071604847,0.0512498007,-0.0997823191
2025-05-16,1273,0.0005636998,0.0068376770,0.0311431034
2025-05-27,1211,0.0045066906,0.0105893579,0.0859099530
2025-05-16,1203,0.0021314250,0.0061240173,0.0647279847
2025-05-26,1210,0.0012598863,0.0110521437,0.0863700658
2025-05-27,1210,0.0039288758,0.0150244420,0.0906382789
2025-05-26,1232,0.0000125390,-0.0007288087,-0.9799475275
2025-05-27,1232,0.0000124669,-0.0007163508,-0.9799472776
2025-05-27,1233,0.0001437691,0.0038437317,-0.3359296798
2025-05-14,1204,-0.0004049426,0.0050049283,0.0452123035
2025-05-19,1295,0.0011416046,0.0153234236,0.1195132631
2025-05-14,1175,0.0157120901,0.0269298564,0.1460774364
2025-05-14,1209,0.0156154246,0.0146229533,0.0969157562
2025-06-16,1204,0.0009427864,0.0068049010,0.0584580011
2025-05-15,1297,0.0029485183,0.0100880864,0.0806151608
2025-05-16,1297,0.0016344625,0.0117390375,0.0823813857
2025-05-19,1297,0.0005438058,0.0122892272,0.0829699911
2025-04-30,1204,0.0016499940,0.0278748322,0.0400071423
2025-05-02,1204,-0.0012339671,-0.0012339671,0.0387238076
2025-05-05,1204,-0.0012759048,-0.0025082975,0.0373984949
2025-05-14,1297,0.0054690722,0.0071185788,0.0774383141
2025-05-21,1608,-0.0112470107,0.0252638636,-0.0142942757
2025-05-22,1608,-0.0010780730,0.0241585542,-0.0153569385
2025-05-23,1608,0.0009145525,0.0250952010,-0.0144564307
2025-05-26,1608,0.0052264165,0.0304527755,-0.0093055696
2025-06-06,1295,-0.0010640889,0.0050096950,0.1355046809
2025-05-19,1209,0.0005498895,0.0260463183,0.1092656335
2025-06-18,1295,-0.0000669212,0.0130862225,0.1446299011
2025-05-21,1157,0.0003756833,0.0027644448,0.0988637562
2025-05-22,1157,0.0005126799,0.0032785420,0.0994271216
2025-05-23,1157,0.0001365517,0.0034155415,0.0995772503
2025-05-26,1157,0.0006629778,0.0040807838,0.1003062457
2025-05-27,1157,0.0007420620,0.0048258740,0.1011227413
2025-05-28,1157,-0.0002830904,0.0045414174,0.1008110239
2025-05-06,1204,0.0026244662,0.0001095857,0.0401211122
2025-06-03,1204,0.0013226685,-0.0070926684,0.0438474310
2025-05-08,1233,0.0001775835,0.0010001914,-0.3378107601
2025-05-06,1517,0.0182293669,-0.0369462868,0.2963568661
2025-05-12,1203,-0.0006242220,0.0034452316,0.0618931670
2025-05-12,1204,0.0004896693,0.0026033769,0.0427146729
2025-05-12,1205,0.0005441612,0.0026913695,0.0428421033
2025-06-06,1607,-0.0005273997,-0.0105860571,-0.0268452946
2025-06-06,1695,-0.0005013392,0.0015362139,0.0781983960
2025-06-25,1297,-0.0024838615,0.0154658116,0.1100255508
2025-05-07,1517,-0.0203260992,-0.0565214122,0.2700069877
2025-05-08,1517,0.0005387018,-0.0560131585,0.2706911428
2025-05-09,1517,0.0100905811,-0.0464877827,0.2835131550
2025-05-12,1517,0.0044567275,-0.0422382385,0.2892334234
2025-06-06,1175,-0.0049985008,0.0074566414,0.1694667608
2025-05-06,1297,0.0029987983,-0.0028345046,0.0667902795
2025-05-07,1297,-0.0012630688,-0.0040939933,0.0654428499
2025-06-10,1247,0.0055651605,0.0047670777,0.2524135450
2025-06-11,1247,0.0009758314,0.0057475610,0.2536356895
2025-06-09,1247,-0.0032159197,-0.0007936659,0.2454822364
2025-05-02,1208,-0.0143422245,-0.0143422245,0.0756171078
2025-06-09,1695,-0.0016684672,-0.0001348164,0.0763994573
2025-06-09,1175,-0.0006593738,0.0067923508,0.1686956450
2025-05-07,1204,0.0001337204,0.0002433208,0.0402601977
2025-06-11,1175,0.0008251501,0.0174996292,0.1811247716
2025-06-11,1209,0.0007647255,0.0153276486,0.1331231147
2025-05-02,1296,-0.0060268036,-0.0060268036,-0.1052077543
2025-05-08,1297,-0.0004004844,-0.0044928382,0.0650161566
2025-05-14,1233,0.0001773374,0.0017066082,-0.3373434459
2025-05-05,1208,-0.0027795708,-0.0170819301,0.0726273538
2025-05-06,1208,0.0073365647,-0.0098706881,0.0804967538
2025-05-08,1296,-0.0005329289,-0.0057138210,-0.1049260019
2025-05-09,1296,0.0009686146,-0.0047507408,-0.1040590201
2025-05-12,1296,0.0050036634,0.0002291514,-0.0995760329
2025-05-05,1296,-0.0015008048,-0.0075185634,-0.1065506629
2025-05-12,1295,0.0016990986,0.0034882775,0.1064636252
2025-05-06,1296,0.0039957724,-0.0035528334,-0.1029806426
